ring_id,base_coalition_size,added_drone_number,mean_marginal_gain_across_all_azimuths,mean_shapley_component_across_all_azimuths,mean_cumulative_share_of_total_shapley,top_viewpoint,top_azimuth,top_mean_marginal_gain,top_shapley_component_from_this_size,second_viewpoint,second_azimuth,second_mean_marginal_gain,top_minus_second_marginal_gap
ellow-radnear,0,1,0.19163048124836418,0.023953810156045523,0.21114959049924797,ellow-radnear-az180,180,0.22119663516296234,0.027649579395370293,ellow-radnear-az225,225,0.22027086627992865,0.0009257688830336952
ellow-radnear,1,2,0.1631894166253718,0.020398677078171477,0.3903046137081446,ellow-radnear-az225,225,0.19379244718410543,0.02422405589801318,ellow-radnear-az180,180,0.19267557629798984,0.0011168708861155896
ellow-radnear,2,3,0.1383635229183668,0.01729544036479585,0.5415471026383005,ellow-radnear-az225,225,0.17036720351562312,0.02129590043945289,ellow-radnear-az180,180,0.16782512460851814,0.0025420789071049776
ellow-radnear,3,4,0.11688214480799539,0.014610268100999423,0.6686456233225502,ellow-radnear-az225,225,0.14972889441032722,0.018716111801290902,ellow-radnear-az180,180,0.1463702103199944,0.0033586840903328252
ellow-radnear,4,5,0.0984746269749037,0.012309328371862962,0.7750552748149515,ellow-radnear-az225,225,0.13161127900406272,0.01645140987550784,ellow-radnear-az180,180,0.12803576365786581,0.003575515346196906
ellow-radnear,5,6,0.082870314099738,0.01035878926246725,0.8639176891907863,ellow-radnear-az225,225,0.11574811643267499,0.014468514554084374,ellow-radnear-az180,180,0.11254671484757943,0.003201401585095562
ellow-radnear,6,7,0.06979855086314439,0.008724818857893049,0.9380610315465592,ellow-radnear-az225,225,0.10187316583200913,0.012734145729001141,ellow-radnear-az180,180,0.09962799411458245,0.0022451717174266778
ellow-radnear,7,8,0.05898868194576934,0.007373585243221167,1.0,ellow-radnear-az225,225,0.08972018633791068,0.011215023292238835,ellow-radnear-az180,180,0.08900453168432221,0.0007156546535884711
ellow-radmid,0,1,0.17113274790526972,0.021391593488158715,0.1922351509459832,ellow-radmid-az045,45,0.20769707830795944,0.02596213478849493,ellow-radmid-az315,315,0.2051882214551369,0.0025088568528225386
ellow-radmid,1,2,0.15018967372924427,0.018773709216155534,0.3604775113565065,ellow-radmid-az315,315,0.18847225828556916,0.023559032285696144,ellow-radmid-az045,45,0.18059087698080073,0.007881381304768426
ellow-radmid,2,3,0.13146221626200677,0.016432777032750846,0.5073082863285261,ellow-radmid-az315,315,0.1728393281504851,0.02160491601881064,ellow-radmid-az045,45,0.15673661376734824,0.016102714383136874
ellow-radmid,3,4,0.11481782018431606,0.014352227523039508,0.6351568158446474,ellow-radmid-az315,315,0.15828943104988466,0.019786178881235583,ellow-radmid-az045,45,0.13586917802911955,0.022420253020765113
ellow-radmid,4,5,0.10012393017693104,0.01251549127211638,0.746300574773126,ellow-radmid-az315,315,0.14482256698376783,0.01810282087297098,ellow-radmid-az045,45,0.11772345912763242,0.02709910785613541
ellow-radmid,5,6,0.08724799092061047,0.01090599886507631,0.8428651728678664,ellow-radmid-az315,315,0.13243873595213465,0.01655484199401683,ellow-radmid-az045,45,0.10203434642440445,0.030404389527730197
ellow-radmid,6,7,0.0760574470961132,0.00950718088701415,0.9268243547684231,ellow-radmid-az315,315,0.12113793795498506,0.015142242244373133,ellow-radmid-az045,45,0.08853672928095334,0.032601208674031726
ellow-radmid,7,8,0.06641974338419822,0.008302467923024777,0.9999999999999999,ellow-radmid-az315,315,0.11092017299231927,0.013865021624039908,ellow-radmid-az045,45,0.07696549705879685,0.033954675933522416
ellow-radfar,0,1,0.15344738334003732,0.019180922917504666,0.1786318525251657,ellow-radfar-az000,0,0.2034608568169912,0.0254326071021239,ellow-radfar-az135,135,0.1815464032994458,0.021914453517545396
ellow-radfar,1,2,0.1372233661683815,0.017152920771047686,0.3382642110379329,ellow-radfar-az000,0,0.18063129985593787,0.022578912481992234,ellow-radfar-az135,135,0.16013892320895654,0.020492376646981336
ellow-radfar,2,3,0.12278658061451199,0.015348322576813999,0.4810066624063353,ellow-radfar-az000,0,0.15979092682853052,0.019973865853566315,ellow-radfar-az135,135,0.14166275071209736,0.018128176116433165
ellow-radfar,3,4,0.10995476673894657,0.01374434584236832,0.6087515670346344,ellow-radfar-az000,0,0.14078236348846782,0.017597795436058477,ellow-radfar-az135,135,0.12575336592990358,0.015028997558564239
ellow-radfar,4,5,0.09854566460220279,0.012318208075275349,0.7231740588633193,ellow-radfar-az000,0,0.12344823558944848,0.01543102944868106,ellow-radfar-az135,135,0.1120462489834104,0.011401986606038084
ellow-radfar,5,6,0.0883770142647983,0.011047126783099787,0.8257320453691073,ellow-radfar-az000,0,0.10763116888517113,0.013453896110646391,ellow-radfar-az225,225,0.10190684938090985,0.005724319504261277
ellow-radfar,6,7,0.07926655578725078,0.009908319473406348,0.9176662075649433,ellow-radfar-az225,225,0.09490507518355153,0.01186313439794394,ellow-radfar-az000,0,0.09317378912933451,0.0017312860542170183
ellow-radfar,7,8,0.07103202923007775,0.008879003653759718,1.0,ellow-radfar-az225,225,0.08876964963752854,0.011096206204691067,ellow-radfar-az270,270,0.08521702343373183,0.003552626203796705
elmid-radnear,0,1,0.19663330919650063,0.02457916364956258,0.21345846924106496,elmid-radnear-az135,135,0.26294263328350614,0.03286782916043827,elmid-radnear-az270,270,0.2603478563729449,0.0025947769105612584
elmid-radnear,1,2,0.16791830632282373,0.020989788290352966,0.3945404485318381,elmid-radnear-az270,270,0.23669203463523467,0.029586504329404333,elmid-radnear-az135,135,0.22343097034711484,0.013261064288119823
elmid-radnear,2,3,0.1425394210880714,0.017817427636008926,0.5470602519076233,elmid-radnear-az270,270,0.21527603980427368,0.02690950497553421,elmid-radnear-az135,135,0.1882850191708044,0.02699102063346928
elmid-radnear,3,4,0.12031915337962881,0.015039894172453602,0.6746217988137619,elmid-radnear-az270,270,0.19594150973267363,0.024492688716584204,elmid-radnear-az135,135,0.15730814167673363,0.038633368055940004
elmid-radnear,4,5,0.10108000308488099,0.012635000385610124,0.780618614105633,elmid-radnear-az270,270,0.17853008227304618,0.022316260284130772,elmid-radnear-az135,135,0.13030369978706083,0.04822638248598535
elmid-radnear,5,6,0.08464447009121318,0.010580558761401647,0.8682338280486538,elmid-radnear-az270,270,0.16288339527800305,0.02036042440975038,elmid-radnear-az135,135,0.10707505542394483,0.055808339854058225
elmid-radnear,6,7,0.07083505428601036,0.008854381785751295,0.9404401763182786,elmid-radnear-az270,270,0.14884308660015586,0.018605385825019482,elmid-radnear-az135,135,0.08742557050954392,0.06141751609061194
elmid-radnear,7,8,0.05947425555665807,0.007434281944582259,1.0,elmid-radnear-az270,270,0.1362507940921166,0.017031349261514575,elmid-radnear-az180,180,0.07129563191927235,0.06495516217284425
elmid-radmid,0,1,0.18655857429600117,0.023319821787000147,0.20607280707823117,elmid-radmid-az000,0,0.25185154486239614,0.03148144310779952,elmid-radmid-az270,270,0.24471562281305448,0.007135922049341659
elmid-radmid,1,2,0.1608985106147871,0.020112313826848388,0.38313113510152386,elmid-radmid-az000,0,0.22240160130378137,0.02780020016297267,elmid-radmid-az270,270,0.2103603069737861,0.012041294329995261
elmid-radmid,2,3,0.13821777558674925,0.017277221948343656,0.5345231617518946,elmid-radmid-az000,0,0.19671701503725628,0.024589626879657035,elmid-radmid-az270,270,0.18050311335132702,0.01621390168592926
elmid-radmid,3,4,0.11820805999685749,0.014776007499607186,0.6632588505216384,elmid-radmid-az000,0,0.17441382467360855,0.02180172808420107,elmid-radmid-az270,270,0.15460636776914327,0.01980745690446528
elmid-radmid,4,5,0.10056105463008189,0.012570131828760236,0.7720099507133291,elmid-radmid-az000,0,0.1551080688236262,0.019388508602953276,elmid-radmid-az270,270,0.13213239605070118,0.022975672772925032
elmid-radmid,5,6,0.08496845027139235,0.010621056283924044,0.863109997439819,elmid-radmid-az000,0,0.138415786098097,0.017301973262262123,elmid-radmid-az270,270,0.11254352401946678,0.025872262078630207
elmid-radmid,6,7,0.071121937705759,0.008890242213219875,0.9385543116242394,elmid-radmid-az000,0,0.12395301510780907,0.015494126888476133,elmid-radmid-az270,270,0.09530207749890636,0.028650937608902707
elmid-radmid,7,8,0.058713207718151694,0.007339150964768962,1.0,elmid-radmid-az000,0,0.11133579446355013,0.013916974307943766,elmid-radmid-az270,270,0.079870382312486,0.03146541215106413
elmid-radfar,0,1,0.17451071517053185,0.02181383939631648,0.1916123383785625,elmid-radfar-az225,225,0.22292740826137006,0.027865926032671257,elmid-radfar-az135,135,0.18036840892001738,0.04255899934135268
elmid-radfar,1,2,0.15322722803798622,0.019153403504748277,0.35984127862527115,elmid-radfar-az225,225,0.19308252388152675,0.024135315485190843,elmid-radfar-az135,135,0.1569982601900232,0.036084263691503554
elmid-radfar,2,3,0.13401500308414036,0.016751875385517544,0.506953424181853,elmid-radfar-az225,225,0.16614511612304741,0.020768139515380927,elmid-radfar-az090,90,0.1416642241249227,0.024480891998124726
elmid-radfar,3,4,0.11680603971109096,0.01460075496388637,0.6351426163175593,elmid-radfar-az225,225,0.14197918379012542,0.017747397973765677,elmid-radfar-az090,90,0.12816060461831022,0.013818579171815198
elmid-radfar,4,5,0.10153233732093468,0.012691542165116835,0.7465299341291657,elmid-radfar-az225,225,0.12044872568695408,0.01505609071086926,elmid-radfar-az090,90,0.11592570682205167,0.004523018864902417
elmid-radfar,5,6,0.08812589531576814,0.011015736914471018,0.8431636945409715,elmid-radfar-az090,90,0.10495953073614686,0.013119941342018358,elmid-radfar-az225,225,0.10141774061772675,0.00354179011842011
elmid-radfar,6,7,0.07651871309768801,0.009564839137211002,0.9270194523048003,elmid-radfar-az090,90,0.09526207636059593,0.011907759545074491,elmid-radfar-az225,225,0.08475022738663665,0.010511848973959279
elmid-radfar,7,8,0.06664279006879092,0.008330348758598866,1.0,elmid-radfar-az090,90,0.08683334369539886,0.010854167961924857,elmid-radfar-az135,135,0.07704747488493968,0.009785868810459175
elhigh-radnear,0,1,0.17973738882598517,0.022467173603248146,0.1992862697696028,elhigh-radnear-az225,225,0.21664150900316845,0.027080188625396056,elhigh-radnear-az000,0,0.21059439654569334,0.006047112457475107
elhigh-radnear,1,2,0.15519527873770192,0.01939940984221274,0.3703212962937723,elhigh-radnear-az225,225,0.19232435686131452,0.024040544607664315,elhigh-radnear-az000,0,0.18079008045550576,0.011534276405808758
elhigh-radnear,2,3,0.13409431124699112,0.01676178890587389,0.5171814282655256,elhigh-radnear-az225,225,0.170498435745617,0.021312304468202124,elhigh-radnear-az000,0,0.15525915095538673,0.015239284790230262
elhigh-radnear,3,4,0.11606618295473715,0.014508272869342144,0.643492573319399,elhigh-radnear-az225,225,0.1509983959909462,0.018874799498868274,elhigh-radnear-az135,135,0.14074492919451798,0.010253466796428218
elhigh-radnear,4,5,0.10074259046182452,0.012592823807728065,0.7524301980314485,elhigh-radnear-az225,225,0.13365888793217268,0.016707360991521585,elhigh-radnear-az135,135,0.12834851703526445,0.005310370896908223
elhigh-radnear,5,6,0.0877552303691377,0.010969403796142212,0.846719327919249,elhigh-radnear-az225,225,0.11831456190416685,0.014789320238020856,elhigh-radnear-az135,135,0.11716118642413355,0.001153375480033303
elhigh-radnear,6,7,0.07673579927756102,0.009591974909695128,0.9286345474418949,elhigh-radnear-az135,135,0.10698438009187575,0.013373047511484468,elhigh-radnear-az225,225,0.10480006824179915,0.0021843118500766007
elhigh-radnear,7,8,0.06731599378797926,0.008414499223497407,1.0,elhigh-radnear-az135,135,0.09761954076924206,0.012202442596155258,elhigh-radnear-az225,225,0.09295005727994032,0.00466948348930174
elhigh-radmid,0,1,0.17418410566005518,0.021773013207506898,0.19395139209392048,elhigh-radmid-az000,0,0.23877242049110414,0.029846552561388018,elhigh-radmid-az225,225,0.2024562970656058,0.03631612342549834
elhigh-radmid,1,2,0.15023856021147441,0.018779820026434302,0.36082327282510535,elhigh-radmid-az000,0,0.2101990466457362,0.026274880830717023,elhigh-radmid-az225,225,0.17660984881541225,0.033589197830323936
elhigh-radmid,2,3,0.13032973650340948,0.016291217062926185,0.5051440592861671,elhigh-radmid-az000,0,0.18713491692440642,0.023391864615550803,elhigh-radmid-az225,225,0.15505924563911844,0.03207567128528799
elhigh-radmid,3,4,0.11385535627737364,0.014231919534671705,0.6307710803442744,elhigh-radmid-az000,0,0.16872980661992293,0.021091225827490366,elhigh-radmid-az225,225,0.13711728097068768,0.03161252564923525
elhigh-radmid,4,5,0.10021314127488011,0.012526642659360014,0.7408905766411524,elhigh-radmid-az000,0,0.1541334910250935,0.019266686378136687,elhigh-radmid-az225,225,0.12209674824408288,0.03203674278101061
elhigh-radmid,5,6,0.08880081323744227,0.011100101654680283,0.8380177005930819,elhigh-radmid-az000,0,0.14249574543272633,0.017811968179090792,elhigh-radmid-az225,225,0.1093104408932675,0.03318530453945884
elhigh-radmid,6,7,0.07901609390657312,0.00987701173832164,0.9239965163909001,elhigh-radmid-az000,0,0.13296634513562913,0.01662079314195364,elhigh-radmid-az225,225,0.09807115235220441,0.03489519278342472
elhigh-radmid,7,8,0.0702567050237861,0.008782088127973263,1.0,elhigh-radmid-az000,0,0.12469506542660991,0.015586883178326238,elhigh-radmid-az225,225,0.08769167605485684,0.03700338937175307
elhigh-radfar,0,1,0.17685135222455017,0.02210641902806877,0.19656913218706965,elhigh-radfar-az045,45,0.23465975209118844,0.029332469011398556,elhigh-radfar-az315,315,0.18499992251725925,0.0496598295739292
elhigh-radfar,1,2,0.15331223041981218,0.019164028802476522,0.36618637414783345,elhigh-radfar-az045,45,0.2109951654469655,0.026374395680870688,elhigh-radfar-az315,315,0.16703670850509297,0.04395845694187253
elhigh-radfar,2,3,0.1330759581905534,0.016634494773819175,0.5127047417160044,elhigh-radfar-az045,45,0.1905773605335515,0.02382217006669394,elhigh-radfar-az315,315,0.15007292785330595,0.04050443268024556
elhigh-radfar,3,4,0.11573590572209935,0.014466988215262419,0.6394962647560393,elhigh-radfar-az045,45,0.1730830628286821,0.021635382853585263,elhigh-radfar-az315,315,0.13410858056189814,0.03897448226678396
elhigh-radfar,4,5,0.10088544319977572,0.012610680399971964,0.7494519871631392,elhigh-radfar-az045,45,0.15818899781009302,0.019773624726261627,elhigh-radfar-az315,315,0.11914366663086966,0.03904533117922336
elhigh-radfar,5,6,0.08811794080890811,0.011014742601113514,0.8449819668632492,elhigh-radfar-az045,45,0.14557189095551995,0.018196486369439994,elhigh-radfar-az315,315,0.10517818606022043,0.04039370489529952
elhigh-radfar,6,7,0.07702676873482212,0.009628346091852764,0.9280152758130585,elhigh-radfar-az045,45,0.13490846774269866,0.016863558467837332,elhigh-radfar-az315,315,0.09221213884995051,0.042696328892748145
elhigh-radfar,7,8,0.06720529716284322,0.008400662145355403,1.0,elhigh-radfar-az045,45,0.1258754536493647,0.015734431706170587,elhigh-radfar-az315,315,0.08024552500005977,0.04562992864930493
