group,target_class,subset_name,player_count,player_index,viewpoint,ring_id,elevation,radius,azimuth,rank,shapley_value,share_of_subset_value,singleton_subset_scene_value,mean_strict_quality_on_observed_rows,observed_scene_count,observed_scene_rate_within_subset,matched_scene_count,matched_scene_rate_within_subset,subset_scene_count,complete_subset_scene_count,max_views_seen_in_any_subset_scene,grand_value_all_players,empty_coalition_value
per_class,barrel,perimeter_unique_az_best_overlap,8,1,ellow-radnear-az225,ellow-radnear,low,near,225,1,0.18379675485173586,0.2297329872705729,0.28881046854371445,0.8664314056311433,5,0.3333333333333333,5,0.3333333333333333,15,0,4,0.8000451177490907,0.0
per_class,barrel,perimeter_unique_az_best_overlap,8,2,ellow-radmid-az045,ellow-radmid,low,mid,45,2,0.16420433748757493,0.20524384668399728,0.2624822951453924,0.656205737863481,6,0.4,5,0.3333333333333333,15,0,4,0.8000451177490907,0.0
per_class,barrel,perimeter_unique_az_best_overlap,8,4,elmid-radnear-az090,elmid-radnear,mid,near,90,3,0.12950778864669676,0.16187560647962465,0.208490965339859,0.7818411200244713,4,0.26666666666666666,4,0.26666666666666666,15,0,4,0.8000451177490907,0.0
per_class,barrel,perimeter_unique_az_best_overlap,8,7,elhigh-radmid-az135,elhigh-radmid,high,mid,135,4,0.11239982357671367,0.14049185612549964,0.21965167475098776,0.6589550242529633,5,0.3333333333333333,5,0.3333333333333333,15,0,4,0.8000451177490907,0.0
per_class,barrel,perimeter_unique_az_best_overlap,8,6,elhigh-radnear-az270,elhigh-radnear,high,near,270,5,0.10388619109471932,0.12985041567030722,0.1414910589640409,0.7074552948202045,3,0.2,3,0.2,15,0,4,0.8000451177490907,0.0
per_class,barrel,perimeter_unique_az_best_overlap,8,5,elmid-radfar-az180,elmid-radfar,mid,far,180,6,0.050914796707244706,0.0636399067723735,0.08653665369253408,0.6490249026940056,2,0.13333333333333333,2,0.13333333333333333,15,0,4,0.8000451177490907,0.0
per_class,barrel,perimeter_unique_az_best_overlap,8,3,ellow-radfar-az315,ellow-radfar,low,far,315,7,0.02777057009227073,0.03471125499822137,0.05206484212007467,0.39048631590056004,2,0.13333333333333333,1,0.06666666666666667,15,0,4,0.8000451177490907,0.0
per_class,barrel,perimeter_unique_az_best_overlap,8,8,elhigh-radfar-az000,elhigh-radfar,high,far,0,8,0.027564855292135235,0.03445412599940407,0.04526454256544312,0.6789681384816468,1,0.06666666666666667,1,0.06666666666666667,15,0,4,0.8000451177490907,0.0
per_class,container,perimeter_unique_az_best_overlap,8,1,ellow-radnear-az225,ellow-radnear,low,near,225,1,0.21131444147228629,0.220343716915401,0.2930562526255783,0.9524328210331294,4,0.3076923076923077,4,0.3076923076923077,13,0,3,0.9590218610745256,0.0
per_class,container,perimeter_unique_az_best_overlap,8,8,elhigh-radfar-az000,elhigh-radfar,high,far,0,2,0.19211180160637248,0.200320565572012,0.28383707150503423,0.9224704823913612,4,0.3076923076923077,4,0.3076923076923077,13,0,3,0.9590218610745256,0.0
per_class,container,perimeter_unique_az_best_overlap,8,5,elmid-radfar-az180,elmid-radfar,mid,far,180,3,0.1830906026502379,0.19091389892311322,0.2188169327701399,0.9482067086706062,3,0.23076923076923078,3,0.23076923076923078,13,0,3,0.9590218610745256,0.0
per_class,container,perimeter_unique_az_best_overlap,8,4,elmid-radnear-az090,elmid-radnear,mid,near,90,4,0.1474963264571705,0.15379871142031096,0.1474963264571705,0.9587261219716083,2,0.15384615384615385,2,0.15384615384615385,13,0,3,0.9590218610745256,0.0
per_class,container,perimeter_unique_az_best_overlap,8,6,elhigh-radnear-az270,elhigh-radnear,high,near,270,5,0.0749024098625427,0.07810292226145826,0.14493017513068113,0.9420461383494274,2,0.15384615384615385,2,0.15384615384615385,13,0,3,0.9590218610745256,0.0
per_class,container,perimeter_unique_az_best_overlap,8,7,elhigh-radmid-az135,elhigh-radmid,high,mid,135,6,0.07330426119188434,0.07643648613990027,0.07330426119188424,0.9529553954944951,1,0.07692307692307693,1,0.07692307692307693,13,0,3,0.9590218610745256,0.0
per_class,container,perimeter_unique_az_best_overlap,8,2,ellow-radmid-az045,ellow-radmid,low,mid,45,7,0.05330728426718412,0.0555850564318279,0.1466237178725067,0.9530541661712935,2,0.15384615384615385,2,0.15384615384615385,13,0,3,0.9590218610745256,0.0
per_class,container,perimeter_unique_az_best_overlap,8,3,ellow-radfar-az315,ellow-radfar,low,far,315,8,0.023494733566847784,0.024498642335976956,0.06764756275818967,0.8794183158564657,1,0.07692307692307693,1,0.07692307692307693,13,0,3,0.9590218610745256,0.0
per_class,male,perimeter_unique_az_best_overlap,8,4,elmid-radnear-az090,elmid-radnear,mid,near,90,1,0.18363821784521256,0.23679898871709795,0.2688508449554514,0.7617440607071124,6,0.35294117647058826,6,0.35294117647058826,17,0,4,0.7755025426422062,0.0
per_class,male,perimeter_unique_az_best_overlap,8,2,ellow-radmid-az045,ellow-radmid,low,mid,45,2,0.17804573055390321,0.22958755228227307,0.22860468225969632,0.7772559196829676,5,0.29411764705882354,5,0.29411764705882354,17,0,4,0.7755025426422062,0.0
per_class,male,perimeter_unique_az_best_overlap,8,3,ellow-radfar-az315,ellow-radfar,low,far,315,3,0.12045894322650424,0.15533017186003015,0.16442042455889325,0.559029443500237,5,0.29411764705882354,4,0.23529411764705882,17,0,4,0.7755025426422062,0.0
per_class,male,perimeter_unique_az_best_overlap,8,5,elmid-radfar-az180,elmid-radfar,mid,far,180,4,0.087285306118749,0.11255321719689042,0.12281763187852297,0.6959665806449635,3,0.17647058823529413,3,0.17647058823529413,17,0,4,0.7755025426422062,0.0
per_class,male,perimeter_unique_az_best_overlap,8,7,elhigh-radmid-az135,elhigh-radmid,high,mid,135,5,0.08002710925648915,0.1031938708851033,0.16900039607874237,0.7182516833346551,4,0.23529411764705882,4,0.23529411764705882,17,0,4,0.7755025426422062,0.0
per_class,male,perimeter_unique_az_best_overlap,8,6,elhigh-radnear-az270,elhigh-radnear,high,near,270,6,0.07654152056836581,0.09869925159443325,0.11649229249738847,0.49509224311390104,4,0.23529411764705882,4,0.23529411764705882,17,0,4,0.7755025426422062,0.0
per_class,male,perimeter_unique_az_best_overlap,8,8,elhigh-radfar-az000,elhigh-radfar,high,far,0,7,0.029060149386468365,0.03747266809397923,0.04983760493883134,0.4236196419800664,2,0.11764705882352941,2,0.11764705882352941,17,0,4,0.7755025426422062,0.0
per_class,male,perimeter_unique_az_best_overlap,8,1,ellow-radnear-az225,ellow-radnear,low,near,225,8,0.020445565686513845,0.026364279370192627,0.04817854488939964,0.8190352631197939,1,0.058823529411764705,1,0.058823529411764705,17,0,4,0.7755025426422062,0.0
per_class,rock,perimeter_unique_az_best_overlap,8,1,ellow-radnear-az225,ellow-radnear,low,near,225,1,0.2965903744259917,0.30614225860129224,0.43822529184490544,0.964095642058792,5,0.45454545454545453,5,0.45454545454545453,11,0,3,0.9687991974092653,0.0
per_class,rock,perimeter_unique_az_best_overlap,8,7,elhigh-radmid-az135,elhigh-radmid,high,mid,135,2,0.15909994598585375,0.1642238622939761,0.25708737912716373,0.942653723466267,3,0.2727272727272727,3,0.2727272727272727,11,0,3,0.9687991974092653,0.0
per_class,rock,perimeter_unique_az_best_overlap,8,2,ellow-radmid-az045,ellow-radmid,low,mid,45,3,0.1457494295423216,0.15044338386332326,0.259875040866495,0.9528751498438149,3,0.2727272727272727,3,0.2727272727272727,11,0,3,0.9687991974092653,0.0
per_class,rock,perimeter_unique_az_best_overlap,8,8,elhigh-radfar-az000,elhigh-radfar,high,far,0,4,0.1291142975493632,0.13327250672238056,0.17046276777224342,0.9375452227473389,2,0.18181818181818182,2,0.18181818181818182,11,0,3,0.9687991974092653,0.0
per_class,rock,perimeter_unique_az_best_overlap,8,6,elhigh-radnear-az270,elhigh-radnear,high,near,270,5,0.12052475691614423,0.12440633439669235,0.26242324329113775,0.9622185587341718,3,0.2727272727272727,3,0.2727272727272727,11,0,3,0.9687991974092653,0.0
per_class,rock,perimeter_unique_az_best_overlap,8,3,ellow-radfar-az315,ellow-radfar,low,far,315,6,0.08650698763578835,0.08929300093055693,0.0865069876357884,0.9515768639936724,1,0.09090909090909091,1,0.09090909090909091,11,0,3,0.9687991974092653,0.0
per_class,rock,perimeter_unique_az_best_overlap,8,4,elmid-radnear-az090,elmid-radnear,mid,near,90,7,0.031213405353802716,0.032218653191778746,0.0879277117358002,0.9672048290938022,1,0.09090909090909091,1,0.09090909090909091,11,0,3,0.9687991974092653,0.0
per_class,rock,perimeter_unique_az_best_overlap,8,5,elmid-radfar-az180,elmid-radfar,mid,far,180,8,0.0,0.0,0.0,nan,0,0.0,0,0.0,11,0,3,0.9687991974092653,0.0
per_class,suv,perimeter_unique_az_best_overlap,8,8,elhigh-radfar-az000,elhigh-radfar,high,far,0,1,0.24621201781090452,0.26398149925086006,0.3183741809250536,0.89144770659015,5,0.35714285714285715,5,0.35714285714285715,14,0,3,0.9326866409563447,0.0
per_class,suv,perimeter_unique_az_best_overlap,8,6,elhigh-radnear-az270,elhigh-radnear,high,near,270,2,0.18421629498172434,0.19751145442893372,0.3144032416626134,0.8803290766553176,5,0.35714285714285715,5,0.35714285714285715,14,0,3,0.9326866409563447,0.0
per_class,suv,perimeter_unique_az_best_overlap,8,7,elhigh-radmid-az135,elhigh-radmid,high,mid,135,3,0.1208831261920928,0.12960743821541543,0.18981949949751606,0.8858243309884083,3,0.21428571428571427,3,0.21428571428571427,14,0,3,0.9326866409563447,0.0
per_class,suv,perimeter_unique_az_best_overlap,8,1,ellow-radnear-az225,ellow-radnear,low,near,225,4,0.10897823941825979,0.11684335835079322,0.2657698997922329,0.9301946492728153,4,0.2857142857142857,4,0.2857142857142857,14,0,3,0.9326866409563447,0.0
per_class,suv,perimeter_unique_az_best_overlap,8,4,elmid-radnear-az090,elmid-radnear,mid,near,90,5,0.09108879034933638,0.09766280157710534,0.13481661136014975,0.9437162795210483,2,0.14285714285714285,2,0.14285714285714285,14,0,3,0.9326866409563447,0.0
per_class,suv,perimeter_unique_az_best_overlap,8,2,ellow-radmid-az045,ellow-radmid,low,mid,45,6,0.09074151200051624,0.0972904596419147,0.13295882256157046,0.6204745052873287,3,0.21428571428571427,2,0.14285714285714285,14,0,3,0.9326866409563447,0.0
per_class,suv,perimeter_unique_az_best_overlap,8,3,ellow-radfar-az315,ellow-radfar,low,far,315,7,0.055800133870529,0.059827311146339,0.12687660591913744,0.888136241433962,2,0.14285714285714285,2,0.14285714285714285,14,0,3,0.9326866409563447,0.0
per_class,suv,perimeter_unique_az_best_overlap,8,5,elmid-radfar-az180,elmid-radfar,mid,far,180,8,0.034766526332981613,0.0372756773886385,0.06511430066470325,0.9116002093058455,1,0.07142857142857142,1,0.07142857142857142,14,0,3,0.9326866409563447,0.0
per_class,tank,perimeter_unique_az_best_overlap,8,5,elmid-radfar-az180,elmid-radfar,mid,far,180,1,0.2296587816228432,0.2577111960270657,0.3196237814678882,0.8949465881100871,5,0.35714285714285715,5,0.35714285714285715,14,0,3,0.8911478630471439,0.0
per_class,tank,perimeter_unique_az_best_overlap,8,8,elhigh-radfar-az000,elhigh-radfar,high,far,0,2,0.14531598242475072,0.16306607292740952,0.2564290389914685,0.8975016364701398,4,0.2857142857142857,4,0.2857142857142857,14,0,3,0.8911478630471439,0.0
per_class,tank,perimeter_unique_az_best_overlap,8,7,elhigh-radmid-az135,elhigh-radmid,high,mid,135,3,0.13034145399716207,0.14626243231003147,0.13034145399716227,0.9123901779801358,2,0.14285714285714285,2,0.14285714285714285,14,0,3,0.8911478630471439,0.0
per_class,tank,perimeter_unique_az_best_overlap,8,4,elmid-radnear-az090,elmid-radnear,mid,near,90,4,0.12659937672946728,0.14206326691575072,0.2578768171940022,0.9025688601790076,4,0.2857142857142857,4,0.2857142857142857,14,0,3,0.8911478630471439,0.0
per_class,tank,perimeter_unique_az_best_overlap,8,2,ellow-radmid-az045,ellow-radmid,low,mid,45,5,0.09743341687335011,0.1093347365948805,0.2231691190199681,0.7810919165698884,4,0.2857142857142857,4,0.2857142857142857,14,0,3,0.8911478630471439,0.0
per_class,tank,perimeter_unique_az_best_overlap,8,3,ellow-radfar-az315,ellow-radfar,low,far,315,6,0.09630692470166505,0.10807064539475889,0.09630692470166505,0.6741484729116554,2,0.14285714285714285,2,0.14285714285714285,14,0,3,0.8911478630471439,0.0
per_class,tank,perimeter_unique_az_best_overlap,8,1,ellow-radnear-az225,ellow-radnear,low,near,225,7,0.034581072789347536,0.03880508973124038,0.0672760939123082,0.9418653147723148,1,0.07142857142857142,1,0.07142857142857142,14,0,3,0.8911478630471439,0.0
per_class,tank,perimeter_unique_az_best_overlap,8,6,elhigh-radnear-az270,elhigh-radnear,high,near,270,8,0.03091085390855756,0.0346865600988624,0.057822450795047074,0.8095143111306591,1,0.07142857142857142,1,0.07142857142857142,14,0,3,0.8911478630471439,0.0
per_class,tent,perimeter_unique_az_best_overlap,8,1,ellow-radnear-az225,ellow-radnear,low,near,225,1,0.33818769689672223,0.34604933493868595,0.41793356821468947,0.9751783258342753,6,0.42857142857142855,6,0.42857142857142855,14,0,4,0.9772817420864089,0.0
per_class,tent,perimeter_unique_az_best_overlap,8,5,elmid-radfar-az180,elmid-radfar,mid,far,180,2,0.1648436954859956,0.16867571385716168,0.33787896274348916,0.9460610956817697,5,0.35714285714285715,5,0.35714285714285715,14,0,4,0.9772817420864089,0.0
per_class,tent,perimeter_unique_az_best_overlap,8,7,elhigh-radmid-az135,elhigh-radmid,high,mid,135,3,0.13021721253725832,0.13324429069886873,0.2761628692779719,0.9665700424729016,4,0.2857142857142857,4,0.2857142857142857,14,0,4,0.9772817420864089,0.0
per_class,tent,perimeter_unique_az_best_overlap,8,6,elhigh-radnear-az270,elhigh-radnear,high,near,270,4,0.09254626342010784,0.09469762856976112,0.13772549080721092,0.9640784356504764,2,0.14285714285714285,2,0.14285714285714285,14,0,4,0.9772817420864089,0.0
per_class,tent,perimeter_unique_az_best_overlap,8,8,elhigh-radfar-az000,elhigh-radfar,high,far,0,5,0.09196627932660767,0.09410416194849594,0.1365836499610223,0.9560855497271561,2,0.14285714285714285,2,0.14285714285714285,14,0,4,0.9772817420864089,0.0
per_class,tent,perimeter_unique_az_best_overlap,8,4,elmid-radnear-az090,elmid-radnear,mid,near,90,6,0.05433225958336362,0.05559528766737125,0.13851833771934555,0.9696283640354189,2,0.14285714285714285,2,0.14285714285714285,14,0,4,0.9772817420864089,0.0
per_class,tent,perimeter_unique_az_best_overlap,8,2,ellow-radmid-az045,ellow-radmid,low,mid,45,7,0.05284458307710626,0.054073028075084885,0.1365274543562955,0.9556921804940686,2,0.14285714285714285,2,0.14285714285714285,14,0,4,0.9772817420864089,0.0
per_class,tent,perimeter_unique_az_best_overlap,8,3,ellow-radfar-az315,ellow-radfar,low,far,315,8,0.05234375175924777,0.05356055424457081,0.13611779669261231,0.9528245768482861,2,0.14285714285714285,2,0.14285714285714285,14,0,4,0.9772817420864089,0.0
per_class,tower,perimeter_unique_az_best_overlap,8,1,ellow-radnear-az225,ellow-radnear,low,near,225,1,0.24597195737124758,0.2515946140502225,0.32185947862364284,0.9655784358709285,4,0.3333333333333333,4,0.3333333333333333,12,0,3,0.9776519195365106,0.0
per_class,tower,perimeter_unique_az_best_overlap,8,6,elhigh-radnear-az270,elhigh-radnear,high,near,270,2,0.24454116439838253,0.25013111467557453,0.3195919237703162,0.9587757713109486,4,0.3333333333333333,4,0.3333333333333333,12,0,3,0.9776519195365106,0.0
per_class,tower,perimeter_unique_az_best_overlap,8,2,ellow-radmid-az045,ellow-radmid,low,mid,45,3,0.12678402257701266,0.12968217015020944,0.2436088875555953,0.9744355502223812,3,0.25,3,0.25,12,0,3,0.9776519195365106,0.0
per_class,tower,perimeter_unique_az_best_overlap,8,8,elhigh-radfar-az000,elhigh-radfar,high,far,0,4,0.11947830425896638,0.12220945090110309,0.23440210068867331,0.9376084027546933,3,0.25,3,0.25,12,0,3,0.9776519195365106,0.0
per_class,tower,perimeter_unique_az_best_overlap,8,3,ellow-radfar-az315,ellow-radfar,low,far,315,5,0.08102474946216254,0.08287688884258018,0.16064252222172906,0.6425700888869162,3,0.25,3,0.25,12,0,3,0.9776519195365106,0.0
per_class,tower,perimeter_unique_az_best_overlap,8,7,elhigh-radmid-az135,elhigh-radmid,high,mid,135,6,0.08023752461657142,0.08207166887639393,0.15803750306875988,0.9482250184125594,2,0.16666666666666666,2,0.16666666666666666,12,0,3,0.9776519195365106,0.0
per_class,tower,perimeter_unique_az_best_overlap,8,4,elmid-radnear-az090,elmid-radnear,mid,near,90,7,0.04018699580829092,0.04110562768325862,0.07967428404426968,0.9560914085312362,1,0.08333333333333333,1,0.08333333333333333,12,0,3,0.9776519195365106,0.0
per_class,tower,perimeter_unique_az_best_overlap,8,5,elmid-radfar-az180,elmid-radfar,mid,far,180,8,0.039427201043876384,0.04032846482065743,0.07668514828337436,0.9202217794004923,1,0.08333333333333333,1,0.08333333333333333,12,0,3,0.9776519195365106,0.0
per_class,tree,perimeter_unique_az_best_overlap,8,2,ellow-radmid-az045,ellow-radmid,low,mid,45,1,0.26692277114002,0.2771175669679445,0.36844440722821287,0.9474284757296901,7,0.3888888888888889,7,0.3888888888888889,18,0,3,0.9632112971419681,0.0
per_class,tree,perimeter_unique_az_best_overlap,8,3,ellow-radfar-az315,ellow-radfar,low,far,315,2,0.2071876246182414,0.21510090800741918,0.36800591617845413,0.9463009273160249,7,0.3888888888888889,7,0.3888888888888889,18,0,3,0.9632112971419681,0.0
per_class,tree,perimeter_unique_az_best_overlap,8,4,elmid-radnear-az090,elmid-radnear,mid,near,90,3,0.1955417761046352,0.20301026024595537,0.3144368771960726,0.9433106315882179,6,0.3333333333333333,6,0.3333333333333333,18,0,3,0.9632112971419681,0.0
per_class,tree,perimeter_unique_az_best_overlap,8,1,ellow-radnear-az225,ellow-radnear,low,near,225,4,0.12404036279914137,0.12877793602213017,0.15784527768254464,0.9470716660952677,3,0.16666666666666666,3,0.16666666666666666,18,0,3,0.9632112971419681,0.0
per_class,tree,perimeter_unique_az_best_overlap,8,7,elhigh-radmid-az135,elhigh-radmid,high,mid,135,5,0.0704353269876357,0.07312552001479922,0.10461772737873787,0.9415595464086408,2,0.1111111111111111,2,0.1111111111111111,18,0,3,0.9632112971419681,0.0
per_class,tree,perimeter_unique_az_best_overlap,8,6,elhigh-radnear-az270,elhigh-radnear,high,near,270,6,0.05383879124293201,0.055895099447734874,0.10411893922737647,0.9370704530463883,2,0.1111111111111111,2,0.1111111111111111,18,0,3,0.9632112971419681,0.0
per_class,tree,perimeter_unique_az_best_overlap,8,8,elhigh-radfar-az000,elhigh-radfar,high,far,0,7,0.02703041604100291,0.028062810435474872,0.051595281174843736,0.9287150611471873,1,0.05555555555555555,1,0.05555555555555555,18,0,3,0.9632112971419681,0.0
per_class,tree,perimeter_unique_az_best_overlap,8,5,elmid-radfar-az180,elmid-radfar,mid,far,180,8,0.01821422820835924,0.018909898858541562,0.052483620299404045,0.9447051653892728,1,0.05555555555555555,1,0.05555555555555555,18,0,3,0.9632112971419681,0.0
per_class,whitevan,perimeter_unique_az_best_overlap,8,5,elmid-radfar-az180,elmid-radfar,mid,far,180,1,0.22557414586585456,0.23915646190915998,0.309518384773727,0.928555154321181,5,0.3333333333333333,5,0.3333333333333333,15,1,8,0.9432074051653078,0.0
per_class,whitevan,perimeter_unique_az_best_overlap,8,8,elhigh-radfar-az000,elhigh-radfar,high,far,0,2,0.21752642157420038,0.2306241664165862,0.29966084588099257,0.8989825376429778,5,0.3333333333333333,5,0.3333333333333333,15,1,8,0.9432074051653078,0.0
per_class,whitevan,perimeter_unique_az_best_overlap,8,6,elhigh-radnear-az270,elhigh-radnear,high,near,270,3,0.12404842986575751,0.13151765898616605,0.24854003332644106,0.932025124974154,4,0.26666666666666666,4,0.26666666666666666,15,1,8,0.9432074051653078,0.0
per_class,whitevan,perimeter_unique_az_best_overlap,8,7,elhigh-radmid-az135,elhigh-radmid,high,mid,135,4,0.12245221685333749,0.1298253344733615,0.2472693150042069,0.9272599312657759,4,0.26666666666666666,4,0.26666666666666666,15,1,8,0.9432074051653078,0.0
per_class,whitevan,perimeter_unique_az_best_overlap,8,4,elmid-radnear-az090,elmid-radnear,mid,near,90,5,0.10355267859114288,0.10978781339507625,0.1891317936295491,0.9456589681477455,3,0.2,3,0.2,15,1,8,0.9432074051653078,0.0
per_class,whitevan,perimeter_unique_az_best_overlap,8,1,ellow-radnear-az225,ellow-radnear,low,near,225,6,0.06675891918304096,0.07077862071210171,0.1948712675178849,0.9743563375894245,3,0.2,3,0.2,15,1,8,0.9432074051653078,0.0
per_class,whitevan,perimeter_unique_az_best_overlap,8,2,ellow-radmid-az045,ellow-radmid,low,mid,45,7,0.0419320573569045,0.04445687886595359,0.12707568910077,0.953067668255775,2,0.13333333333333333,2,0.13333333333333333,15,1,8,0.9432074051653078,0.0
per_class,whitevan,perimeter_unique_az_best_overlap,8,3,ellow-radfar-az315,ellow-radfar,low,far,315,8,0.041362535875069294,0.0438530652415945,0.12569637329006583,0.6284818664503291,3,0.2,2,0.13333333333333333,15,1,8,0.9432074051653078,0.0
