viewpoint,original_count,original_mean_ap50_95,original_median_ap50_95,original_std_ap50_95,single_id,number_of_train_images,number_of_val_images,number_of_test_images,trained_precision,trained_recall,trained_f1,trained_map50,trained_map50_95,elevation,radius,azimuth,grid_row_label,original_rank,original_pct,trained_rank,trained_pct,original_z,trained_z,pct_delta,z_delta,rank_delta,abs_rank_delta
elhigh-radfar-az000,29,0.8980467451966491,0.9147980813758523,0.07512452952483605,sv0065,154,22,2214,0.5264800062752774,0.606912971973013,0.5638424649264075,0.5264800062752774,0.33999633482078295,elhigh,radfar,000,high | far,4,0.9577464788732395,33,0.5492957746478873,0.9707927189529405,0.04140582750849071,-0.40845070422535223,-0.9293868914444497,-29,29
elhigh-radfar-az045,39,0.8685817127251436,0.8734024298635796,0.09337844116343548,sv0066,123,43,2214,0.5408103731760517,0.618119856430958,0.5768865487913096,0.5408103731760517,0.3517406582248309,elhigh,radfar,045,high | far,28,0.619718309859155,24,0.676056338028169,0.7194961441281387,0.3428731917540173,0.05633802816901401,-0.37662295237412136,4,4
elhigh-radfar-az090,29,0.885660910043966,0.9000000025331973,0.07375669259034597,sv0067,147,29,2214,0.519064827961629,0.6059493765413613,0.5591520669320794,0.519064827961629,0.33715840306367034,elhigh,radfar,090,high | far,15,0.8028169014084507,39,0.46478873239436624,0.8651584233442766,-0.03144160501627535,-0.3380281690140845,-0.896600028360552,-24,24
elhigh-radfar-az135,25,0.8413281214331395,0.8508445354223003,0.09872926029326705,sv0068,153,27,2214,0.5425796098153397,0.6219862056527288,0.5795757153286191,0.5425796098153397,0.35443982782283306,elhigh,radfar,135,high | far,38,0.47887323943661975,22,0.704225352112676,0.4870601490217753,0.4121587109249983,0.22535211267605626,-0.07490143809677702,16,16
elhigh-radfar-az180,25,0.868760181217522,0.8847288715734812,0.08214727883134282,sv0069,147,33,2214,0.5365448879570109,0.6157415955254071,0.5734216449076167,0.5365448879570109,0.3435612602938729,elhigh,radfar,180,high | far,27,0.6338028169014085,29,0.6056338028169015,0.7210182371681582,0.13291460576077732,-0.028169014084507005,-0.5881036314073809,-2,2
elhigh-radfar-az225,27,0.8544231600653377,0.890625000372529,0.09887800924449672,sv0070,150,28,2214,0.5205621967076038,0.613512074564213,0.5632280024898625,0.5205621967076038,0.3330930922222578,elhigh,radfar,225,high | far,34,0.5352112676056338,45,0.3802816901408451,0.5987429838753332,-0.13579487442445462,-0.15492957746478864,-0.7345378582997878,-11,11
elhigh-radfar-az270,30,0.8800839543751225,0.883762630618582,0.09089642217548871,sv0071,144,31,2214,0.5236117966270561,0.6137471705415045,0.5651078822406329,0.5236117966270561,0.3342499000230558,elhigh,radfar,270,high | far,18,0.7605633802816901,44,0.3943661971830986,0.817594591236322,-0.10610054579884458,-0.3661971830985915,-0.9236951370351666,-26,26
elhigh-radfar-az315,30,0.8538938149689573,0.8839569585974978,0.09521851853090976,sv0072,144,31,2214,0.5283080129653381,0.6133914291309149,0.5676793648933084,0.5283080129653381,0.3370014455332844,elhigh,radfar,315,high | far,35,0.5211267605633803,40,0.45070422535211263,0.594228391544599,-0.03547057896019959,-0.07042253521126762,-0.6296989705047986,-5,5
elhigh-radmid-az000,43,0.8926326190357443,0.8891666785379251,0.07212787855415044,sv0057,137,25,2214,0.523215057368734,0.5844351164974371,0.5521332641319208,0.523215057368734,0.3459669579749205,elhigh,radmid,000,high | mid,9,0.8873239436619719,27,0.6338028169014085,0.9246176006590626,0.19466693615275393,-0.2535211267605634,-0.7299506645063087,-18,18
elhigh-radmid-az045,30,0.8743873896289489,0.9015991315493981,0.10447294632343476,sv0058,147,28,2214,0.5429722739694822,0.6097632348360674,0.5744327778103976,0.5429722739694822,0.35969234721512794,elhigh,radmid,045,high | mid,25,0.6619718309859155,18,0.7605633802816901,0.7690106566906694,0.5469866718357028,0.09859154929577463,-0.22202398485496655,7,7
elhigh-radmid-az090,34,0.8775179980287549,0.8990165657521303,0.08495223562806806,sv0059,141,30,2214,0.5391430150493923,0.6106368702955052,0.5726671818627052,0.5391430150493923,0.3545783681398182,elhigh,radmid,090,high | mid,20,0.7323943661971831,21,0.7183098591549295,0.7957104802442252,0.41571492976931673,-0.014084507042253613,-0.37999555047490846,-1,1
elhigh-radmid-az135,30,0.8871372095672253,0.9120925940774657,0.08475852061993623,sv0060,141,34,2214,0.5272050065917201,0.6018984588956884,0.56208113904365,0.5272050065917201,0.3434079473811069,elhigh,radmid,135,high | mid,13,0.8309859154929577,30,0.5915492957746479,0.8777492465164326,0.1289791862286111,-0.23943661971830987,-0.7487700602878216,-17,17
elhigh-radmid-az180,30,0.8957126393246647,0.9133367586023997,0.08063806264269982,sv0061,136,39,2214,0.5396627867906025,0.6078712348917008,0.571739884714843,0.5396627867906025,0.35560303382831304,elhigh,radmid,180,high | mid,5,0.9436619718309859,19,0.7464788732394366,0.9508859765634537,0.4420172763342027,-0.19718309859154926,-0.5088687002292511,-14,14
elhigh-radmid-az225,36,0.8749296387900938,0.9006773686130098,0.11858369271091272,sv0062,130,39,2214,0.515418613017117,0.600719304329335,0.5548094117009124,0.515418613017117,0.33765850732244423,elhigh,radmid,225,high | mid,24,0.676056338028169,36,0.5070422535211268,0.7736353031094068,-0.01860432971708158,-0.16901408450704225,-0.7922396328264883,-12,12
elhigh-radmid-az270,27,0.8758177655272628,0.9055555555428196,0.1099232834630725,sv0063,147,31,2214,0.5188890929578447,0.606345750228303,0.5592187235580641,0.5188890929578447,0.33467761382312017,elhigh,radmid,270,high | mid,23,0.6901408450704225,43,0.4084507042253521,0.7812098139224094,-0.09512147552627415,-0.2816901408450704,-0.8763312894486835,-20,20
elhigh-radmid-az315,24,0.8939334092799411,0.9080000032186508,0.08903116101373218,sv0064,150,31,2214,0.5259953079870978,0.5925258727248608,0.5572819438535017,0.5259953079870978,0.3357774895562401,elhigh,radmid,315,high | mid,8,0.9014084507042254,42,0.4225352112676056,0.9357115688482475,-0.06688854742528244,-0.47887323943661975,-1.0026001162735299,-34,34
elhigh-radnear-az000,34,0.8568453434138286,0.8661028320833872,0.10679232244590617,sv0049,141,30,2214,0.5066309664513877,0.5646425851479254,0.534066052850897,0.5066309664513877,0.3287976256874326,elhigh,radnear,000,high | near,33,0.5492957746478873,48,0.3380281690140845,0.6194009071157729,-0.2460560559253224,-0.21126760563380276,-0.8654569630410953,-15,15
elhigh-radnear-az045,23,0.901283850069127,0.909375,0.06983353239053254,sv0050,152,30,2214,0.5189013461617651,0.5846788136947729,0.5498297895060407,0.5189013461617651,0.3372504425742561,elhigh,radnear,045,high | near,2,0.9859154929577465,38,0.47887323943661975,0.9984008122950766,-0.029079024584167952,-0.5070422535211268,-1.0274798368792446,-36,36
elhigh-radnear-az090,28,0.8770482319581062,0.8970238126459575,0.10381113003329795,sv0051,141,36,2214,0.5136316302452362,0.5812186777202971,0.5453390199454642,0.5136316302452362,0.3417464009985519,elhigh,radnear,090,high | near,21,0.7183098591549295,32,0.5633802816901409,0.791704015814326,0.08632862294900166,-0.15492957746478864,-0.7053753928653244,-11,11
elhigh-radnear-az135,32,0.886847356781053,0.9163276689453324,0.10192951989605681,sv0052,137,36,2214,0.5147237915915006,0.580289485032786,0.5455437122690504,0.5147237915915006,0.3320552452601486,elhigh,radnear,135,high | near,14,0.8169014084507042,46,0.3661971830985915,0.8752771972343226,-0.16243557371322256,-0.45070422535211274,-1.037712770947545,-32,32
elhigh-radnear-az180,31,0.8821903952736918,0.8977500008642674,0.0902071344511648,sv0053,146,28,2214,0.5129626286632578,0.5932649348940792,0.5501991642992179,0.5129626286632578,0.3395650145085634,elhigh,radnear,180,high | near,17,0.7746478873239436,35,0.5211267605633803,0.8355596616428536,0.030334180960885852,-0.2535211267605634,-0.8052254806819678,-18,18
elhigh-radnear-az225,36,0.9081168475635226,0.928253969668396,0.08908348229857826,sv0054,131,38,2214,0.5208528468189019,0.588100138094822,0.5524375429948609,0.5208528468189019,0.3440784937220457,elhigh,radnear,225,high | near,1,1.0,28,0.619718309859155,1.0566769695600862,0.14619157310290465,-0.380281690140845,-0.9104853964571815,-27,27
elhigh-radnear-az270,30,0.866668765555305,0.8777777806338336,0.13871929210233827,sv0055,143,32,2214,0.5045626543802598,0.5933289493380213,0.5453573532846899,0.5045626543802598,0.3216859159930162,elhigh,radnear,270,high | near,29,0.6056338028169015,49,0.323943661971831,0.7031813115527421,-0.42860794104423033,-0.2816901408450705,-1.1317892525969724,-20,20
elhigh-radnear-az315,29,0.8856337691122692,0.9025252557282496,0.07743044557098124,sv0056,140,36,2214,0.5187444862921731,0.5936917047335107,0.5536934178740667,0.5187444862921731,0.3361849875189326,elhigh,radnear,315,high | near,16,0.7887323943661972,41,0.43661971830985913,0.8649269481819958,-0.05642840148737406,-0.3521126760563381,-0.9213553496693698,-25,25
ellow-radfar-az000,39,0.650559807453771,0.6706728751564447,0.23270640999743555,sv0017,136,30,2214,0.4823221850039869,0.6018248813930601,0.5354872983200218,0.4823221850039869,0.2817460140742008,ellow,radfar,000,low | far,59,0.18309859154929575,67,0.07042253521126762,-1.139933608221769,-1.4538331962973392,-0.11267605633802813,-0.31389958807557017,-8,8
ellow-radfar-az045,22,0.5012602332501732,0.45804761532434557,0.21531826922823183,sv0018,148,35,2214,0.5207464480829541,0.631873979466177,0.570953147416828,0.5207464480829541,0.30519005759179973,ellow,radfar,045,low | far,72,0.0,55,0.23943661971830987,-2.4132555248511904,-0.8520433985068635,0.23943661971830987,1.5612121263443268,17,17
ellow-radfar-az090,28,0.6467791616657408,0.6199546666879447,0.23780965338991314,sv0019,140,37,2214,0.5167030303782402,0.6373376352374269,0.5707152222848138,0.5167030303782402,0.3072999780629998,ellow,radfar,090,low | far,60,0.16901408450704225,54,0.2535211267605634,-1.1721773648874563,-0.7978834319138858,0.08450704225352113,0.3742939329735705,6,6
ellow-radfar-az135,36,0.6856496536205091,0.7560109339654446,0.21300496131692445,sv0020,145,24,2214,0.47830621075165325,0.6000261001369316,0.5322964125448352,0.47830621075165325,0.28205091366265594,ellow,radfar,135,low | far,54,0.2535211267605634,66,0.08450704225352113,-0.8406650375403001,-1.4460066683545343,-0.16901408450704225,-0.6053416308142342,-12,12
ellow-radfar-az180,25,0.6564674595417236,0.6495310357326983,0.21646021038875324,sv0021,145,35,2214,0.5115128598834899,0.6249742991226946,0.562579855943959,0.5115128598834899,0.3013082995025368,ellow,radfar,180,low | far,57,0.21126760563380287,56,0.22535211267605637,-1.0895493863005896,-0.9516850159546175,0.014084507042253502,0.1378643703459721,1,1
ellow-radfar-az225,30,0.5468448866185436,0.5251779636588974,0.23672729181617355,sv0022,141,34,2214,0.49188044218474486,0.6246331014293195,0.5503646738395229,0.49188044218474486,0.28484504258501964,ellow,radfar,225,low | far,69,0.04225352112676062,64,0.11267605633802813,-2.0244805500696317,-1.3742836194731622,0.07042253521126751,0.6501969305964694,5,5
ellow-radfar-az270,32,0.5390172384972435,0.5222174023371905,0.2744502417450794,sv0023,137,36,2214,0.5284860950587216,0.6261659451510073,0.5731943194791425,0.5284860950587216,0.30958469798239646,ellow,radfar,270,low | far,70,0.028169014084507005,53,0.2676056338028169,-2.0912397217664145,-0.7392365036538583,0.23943661971830987,1.3520032181125563,17,17
ellow-radfar-az315,28,0.6802819632729002,0.7024761816759775,0.21590912685061187,sv0024,149,28,2214,0.47874319986287506,0.5823055223512976,0.5254703261628592,0.47874319986287506,0.27594677444659244,ellow,radfar,315,low | far,55,0.23943661971830987,70,0.028169014084507005,-0.886444121625095,-1.6026950272445963,-0.21126760563380287,-0.7162509056195013,-15,15
ellow-radmid-az000,31,0.6463257362304331,0.6678998518500092,0.18395436289597605,sv0009,147,27,2214,0.5196061846271486,0.6361860209745497,0.5720166470574564,0.5196061846271486,0.31117612143053364,ellow,radmid,000,low | mid,61,0.15492957746478875,51,0.295774647887324,-1.176044465965368,-0.6983859398705857,0.14084507042253525,0.4776585260947822,10,10
ellow-radmid-az045,37,0.609928466263047,0.571921204795758,0.2150310579503239,sv0010,143,25,2214,0.5128967761007864,0.6398759690009617,0.5693929232790678,0.5128967761007864,0.30014263000222136,ellow,radmid,045,low | mid,65,0.09859154929577463,58,0.19718309859154926,-1.486463580032967,-0.9816068173008212,0.09859154929577463,0.5048567627321459,7,7
ellow-radmid-az090,32,0.5964449163645505,0.5566369571711887,0.26165581563894896,sv0011,147,26,2214,0.49588602423856504,0.6119279038757736,0.547829355946276,0.49588602423856504,0.29891069134571624,ellow,radmid,090,low | mid,67,0.07042253521126762,59,0.18309859154929575,-1.6014598865616712,-1.0132296947465125,0.11267605633802813,0.5882301918151587,8,8
ellow-radmid-az135,30,0.733715441707931,0.790061558495198,0.23849585707731438,sv0012,146,29,2214,0.47279385342897795,0.5961771018491083,0.5273648791253336,0.47279385342897795,0.27777266742978585,ellow,radmid,135,low | mid,49,0.323943661971831,69,0.04225352112676062,-0.43072936466076667,-1.5558258185128278,-0.2816901408450704,-1.1250964538520611,-20,20
ellow-radmid-az180,21,0.5736416172313977,0.5572205225288698,0.19199961072294133,sv0013,152,32,2214,0.5363496222003464,0.6472557929593863,0.5866066436911365,0.5363496222003464,0.33089890701803604,ellow,radmid,180,low | mid,68,0.05633802816901412,47,0.352112676056338,-1.7959409539899296,-0.19211784914390717,0.2957746478873239,1.6038231048460223,21,21
ellow-radmid-az225,29,0.5083508518666316,0.47546562626929145,0.21030824110415622,sv0014,155,21,2214,0.5250402883688833,0.6320654533029673,0.5736032860587302,0.5250402883688833,0.3003457176956631,ellow,radmid,225,low | mid,71,0.014084507042253502,57,0.21126760563380287,-2.352782210476664,-0.9763937190621026,0.19718309859154937,1.3763884914145614,14,14
ellow-radmid-az270,26,0.6320736568163265,0.6638627308768363,0.27050767337710596,sv0015,142,37,2214,0.5253753524881575,0.6270542141444926,0.5717292202905788,0.5253753524881575,0.31427159279864797,ellow,radmid,270,low | mid,63,0.12676056338028174,50,0.3098591549295775,-1.2975952819829504,-0.6189276720472322,0.18309859154929575,0.6786676099357182,13,13
ellow-radmid-az315,33,0.698849042632475,0.7357343643205241,0.21895360177960507,sv0016,152,20,2214,0.46554902971007983,0.5787283006230444,0.5160054537138612,0.46554902971007983,0.2748397286931444,ellow,radmid,315,low | mid,52,0.2816901408450704,71,0.014084507042253502,-0.7280922361461433,-1.6311120040179163,-0.2676056338028169,-0.9030197678717731,-19,19
ellow-radnear-az000,35,0.7305433157674951,0.796874987706542,0.2411474056121603,sv0001,141,29,2214,0.5303346337046508,0.6488384280685342,0.5836318709075391,0.5303346337046508,0.31016518002313737,ellow,radnear,000,low | near,50,0.3098591549295775,52,0.2816901408450704,-0.4577832762597218,-0.7243359951448958,-0.028169014084507116,-0.26655271888517396,-2,2
ellow-radnear-az045,32,0.6423330610288382,0.629840232170628,0.2551046970157395,sv0002,146,27,2214,0.49813793757808983,0.6242674285389078,0.5541158279122731,0.49813793757808983,0.28505665657478896,ellow,radnear,045,low | near,62,0.14084507042253525,63,0.12676056338028174,-1.2100965445951477,-1.3688516580447798,-0.014084507042253502,-0.1587551134496321,-1,1
ellow-radnear-az090,32,0.6016701294232649,0.6090888365105326,0.27865398897456495,sv0003,148,25,2214,0.48881408313422153,0.6138004969623285,0.5442233987577014,0.48881408313422153,0.29210572313626104,ellow,radnear,090,low | near,66,0.08450704225352113,62,0.14084507042253525,-1.5568959395965836,-1.1879077719162854,0.05633802816901412,0.3689881676802982,4,4
ellow-radnear-az135,32,0.6665372400222984,0.7133823650238998,0.23509053435199925,sv0004,148,25,2214,0.48202556848274736,0.6037675364893522,0.5360715382608479,0.48202556848274736,0.2839740856928261,ellow,radnear,135,low | near,56,0.22535211267605637,65,0.09859154929577463,-1.003667880944936,-1.3966403844929807,-0.12676056338028174,-0.3929725035480447,-9,9
ellow-radnear-az180,39,0.6542227315662489,0.6394981599015734,0.23672592130317222,sv0005,135,31,2214,0.49190736317453637,0.6110546879068814,0.5450455888106074,0.49190736317453637,0.29540226925164786,ellow,radnear,180,low | near,58,0.19718309859154926,60,0.16901408450704225,-1.1086938570285862,-1.103288076568237,-0.028169014084507005,0.005405780460349341,-2,2
ellow-radnear-az225,36,0.6858640669461302,0.7348844264932092,0.26472458248121483,sv0006,139,30,2214,0.4923860272818094,0.6121135634174217,0.5457605747877368,0.4923860272818094,0.29327532500466835,ellow,radnear,225,low | near,53,0.2676056338028169,61,0.15492957746478875,-0.8388363840549362,-1.1578850298344499,-0.11267605633802813,-0.31904864577951364,-8,8
ellow-radnear-az270,30,0.6253131549739732,0.6605635179448222,0.28619166211647734,sv0007,150,25,2214,0.44188373997801716,0.5753165294587242,0.49984851036102484,0.44188373997801716,0.2678192772347479,ellow,radnear,270,low | near,64,0.11267605633802813,72,0.0,-1.3552531501262517,-1.8113213633963345,-0.11267605633802813,-0.45606821327008285,-8,8
ellow-radnear-az315,29,0.7033378868349446,0.7642307791801599,0.22937702511146146,sv0008,140,36,2214,0.48673059608234576,0.6068218056917455,0.5401821416530977,0.48673059608234576,0.27834927940285153,ellow,radnear,315,low | near,51,0.295774647887324,68,0.05633802816901412,-0.6898085120710505,-1.5410246515377586,-0.23943661971830987,-0.851216139466708,-17,17
elmid-radfar-az000,27,0.7504595355638922,0.7965394975102437,0.1980185723990113,sv0041,149,29,2214,0.5998108449956401,0.6942787334890733,0.6435967350640449,0.5998108449956401,0.3883653697649618,elmid,radfar,000,mid | far,47,0.352112676056338,14,0.8169014084507042,-0.2879250613355555,1.2830001683706842,0.46478873239436624,1.5709252297062397,33,33
elmid-radfar-az045,30,0.808685548858595,0.859169644713668,0.14843921188150602,sv0042,139,36,2214,0.5915211157957722,0.6785313955231282,0.6320457533925121,0.5915211157957722,0.3904277067982496,elmid,radfar,045,mid | far,43,0.4084507042253521,12,0.8450704225352113,0.20866348716892189,1.3359387062686554,0.43661971830985913,1.1272752190997335,31,31
elmid-radfar-az090,29,0.7933643483756524,0.8788461544550955,0.21012997946715917,sv0043,139,37,2214,0.6155029024735773,0.6993162760839186,0.6547382403546876,0.6155029024735773,0.4031096513417022,elmid,radfar,090,mid | far,44,0.3943661971830986,4,0.9577464788732395,0.07799452533115941,1.661474053303192,0.5633802816901409,1.5834795279720326,40,40
elmid-radfar-az135,31,0.7635034523323394,0.813153385828959,0.18082299465170956,sv0044,146,28,2214,0.6133920323333915,0.7008273815799335,0.6542011590319667,0.6133920323333915,0.3906639225147944,elmid,radfar,135,mid | far,45,0.3802816901408451,11,0.8591549295774648,-0.17667822631575691,1.3420021742957355,0.47887323943661964,1.5186804006114925,34,34
elmid-radfar-az180,26,0.8091260092587459,0.8278382809261228,0.1276309449774232,sv0045,151,28,2214,0.6080202398200694,0.6967271260406008,0.6493581904799053,0.6080202398200694,0.39775345373611054,elmid,radfar,180,mid | far,42,0.4225352112676056,7,0.9154929577464789,0.21242001416446893,1.5239847557946304,0.49295774647887325,1.3115647416301615,35,35
elmid-radfar-az225,36,0.7514466691274477,0.8309136382261266,0.21212572541114452,sv0046,133,36,2214,0.616291444075479,0.6963227210874797,0.6538672927825567,0.616291444075479,0.40094783670068784,elmid,radfar,225,mid | far,46,0.3661971830985915,6,0.9295774647887324,-0.27950615721060695,1.6059820049839715,0.5633802816901409,1.8854881621945785,40,40
elmid-radfar-az270,26,0.8174592987426009,0.8610933348446987,0.1511773471307859,sv0047,145,34,2214,0.6153048658673174,0.7065319978193682,0.6577703922354197,0.6153048658673174,0.39259913412484276,elmid,radfar,270,mid | far,41,0.43661971830985913,9,0.8873239436619719,0.28349161764365954,1.391677504518465,0.45070422535211274,1.1081858868748056,32,32
elmid-radfar-az315,26,0.7432445041308795,0.7619068858698518,0.16311562186205944,sv0048,148,31,2214,0.5970454269304335,0.6830327681529225,0.6371510619205294,0.5970454269304335,0.38032179073567957,elmid,radfar,315,mid | far,48,0.3380281690140845,16,0.7887323943661972,-0.34945944749728036,1.0765279446730203,0.45070422535211274,1.4259873921703006,32,32
elmid-radmid-az000,42,0.8439733584273623,0.8777199913578051,0.14544019838344388,sv0033,138,25,2214,0.6126347178060687,0.6927449468874896,0.65023167822616,0.6126347178060687,0.40109184962731287,elmid,radmid,000,mid | mid,37,0.49295774647887325,5,0.9436619718309859,0.509620415903914,1.6096787013293707,0.45070422535211263,1.1000582854254568,32,32
elmid-radmid-az045,35,0.873500786560052,0.9120000057220459,0.14001275574399746,sv0034,135,35,2214,0.6215519989811171,0.6940126705041647,0.6557867852119496,0.6215519989811171,0.41641372706811924,elmid,radmid,045,mid | mid,26,0.647887323943662,1,1.0,0.7614491406917169,2.0029790089299624,0.352112676056338,1.2415298682382456,25,25
elmid-radmid-az090,29,0.877938314786923,0.9244444489810203,0.1340298899430736,sv0035,140,36,2214,0.5852697147407687,0.6546712512799806,0.6180282239004667,0.5852697147407687,0.39457841386323705,elmid,radmid,090,mid | mid,19,0.7464788732394366,8,0.9014084507042254,0.7992952094235076,1.4424840282584908,0.15492957746478875,0.6431888188349831,11,11
elmid-radmid-az135,20,0.8909244321778956,0.9263206869008995,0.12028978277595115,sv0036,147,38,2214,0.5875343072824458,0.6704841067341737,0.6262744818435512,0.5875343072824458,0.3855787851950759,elmid,radmid,135,mid | mid,10,0.8732394366197183,15,0.8028169014084507,0.910049094516969,1.2114707769677526,-0.07042253521126751,0.3014216824507836,-5,5
elmid-radmid-az180,31,0.8442402151795599,0.8738271689120634,0.10971813289231483,sv0037,149,25,2214,0.587757705142099,0.6504646351741608,0.6175233458449934,0.587757705142099,0.3920347270865256,elmid,radmid,180,mid | mid,36,0.5070422535211268,10,0.8732394366197183,0.5118963403530381,1.377189628431499,0.3661971830985915,0.865293288078461,26,26
elmid-radmid-az225,22,0.864429539666255,0.8968750000000001,0.12966235497065004,sv0038,151,32,2214,0.6143334150907047,0.6951141420414824,0.6522320690619009,0.6143334150907047,0.4035228167038699,elmid,radmid,225,mid | mid,31,0.5774647887323944,2,0.9859154929577465,0.6840837661242256,1.6720796768410557,0.4084507042253521,0.9879959107168301,29,29
elmid-radmid-az270,40,0.824702853525064,0.8660714337336164,0.15941575191706753,sv0039,138,27,2214,0.609227191246133,0.6784514584408057,0.6419786124794784,0.609227191246133,0.40315190191972006,elmid,radmid,270,mid | mid,40,0.45070422535211263,3,0.971830985915493,0.3452692691072753,1.6625585917610233,0.5211267605633804,1.3172893226537479,37,37
elmid-radmid-az315,29,0.8659492981063979,0.8864035172093857,0.10585610630665723,sv0040,146,30,2214,0.5963110631567597,0.6845790469534612,0.6374037180574877,0.5963110631567597,0.38855085122315813,elmid,radmid,315,mid | mid,30,0.5915492957746479,13,0.8309859154929577,0.6970452346356998,1.2877613286687393,0.23943661971830987,0.5907160940330395,17,17
elmid-radnear-az000,21,0.8943489087430185,0.94375,0.10277025492256704,sv0025,148,36,2214,0.5300961349784383,0.5822104789527216,0.5549324633538211,0.5300961349784383,0.35517090007794966,elmid,radnear,000,mid | near,6,0.9295774647887324,20,0.7323943661971831,0.9392552130649598,0.43092474948172504,-0.19718309859154926,-0.5083304635832349,-14,14
elmid-radnear-az045,32,0.8941281710576114,0.9155179646373443,0.09922086400091835,sv0026,138,35,2214,0.5303934850935043,0.5868160434671681,0.557180006877161,0.5303934850935043,0.3542262604718849,elmid,radnear,045,mid | near,7,0.9154929577464789,23,0.6901408450704225,0.9373726214088604,0.4066766082815154,-0.22535211267605637,-0.5306960131273449,-16,16
elmid-radnear-az090,31,0.8903642872405092,0.9334821429103612,0.11593739658105236,sv0027,150,24,2214,0.5061558171800286,0.5602809598880074,0.5318448748217408,0.5061558171800286,0.3373441618464497,elmid,radnear,090,mid | near,11,0.8591549295774648,37,0.49295774647887325,0.905271821513561,-0.026673326018555106,-0.3661971830985915,-0.9319451475321161,-26,26
elmid-radnear-az135,43,0.8368880993709792,0.8857142945698329,0.13527782246806286,sv0028,142,20,2214,0.5167785655940068,0.5702866223886092,0.5422156940603812,0.5167785655940068,0.34220636476623056,elmid,radnear,135,mid | near,39,0.46478873239436624,31,0.5774647887323944,0.4491928112733287,0.09813552402963187,0.11267605633802813,-0.35105728724369684,8,8
elmid-radnear-az180,32,0.8991866123792063,0.9482142873108387,0.12313499644540297,sv0029,144,29,2214,0.5254501986980183,0.595543609239169,0.5583055064039938,0.5254501986980183,0.3511704098620124,elmid,radnear,180,mid | near,3,0.971830985915493,25,0.6619718309859155,0.9805142327170552,0.32823537355114285,-0.3098591549295775,-0.6522788591659123,-22,22
elmid-radnear-az225,25,0.8592449873647705,0.909375,0.13092211326063274,sv0030,146,34,2214,0.5424174660819235,0.5947396958337413,0.567374870592244,0.5424174660819235,0.36478026048785717,elmid,radnear,225,mid | near,32,0.5633802816901409,17,0.7746478873239436,0.6398666000096778,0.677589325651489,0.21126760563380276,0.03772272564181123,15,15
elmid-radnear-az270,43,0.8759402164268648,0.9031746096081203,0.11799022295724897,sv0031,134,28,2214,0.5209740883508889,0.576073949005104,0.5471403077826053,0.5209740883508889,0.3473214946568377,elmid,radnear,270,mid | near,22,0.704225352112676,26,0.647887323943662,0.7822541532315199,0.22943680660188634,-0.05633802816901401,-0.5528173466296336,-4,4
elmid-radnear-az315,33,0.8872489282462817,0.8887500004842878,0.11640713519849613,sv0032,142,30,2214,0.5182418282145324,0.575642938240408,0.5454363345406049,0.5182418282145324,0.3398194147983978,elmid,radnear,315,mid | near,12,0.8450704225352113,34,0.5352112676056338,0.8787020546091425,0.03686443240246574,-0.3098591549295775,-0.8418376222066768,-22,22
