scene_key,target_class,available_view_count,pair_count,single_expected_precision,single_expected_recall,single_expected_f1,single_expected_ap50_95,single_expected_target_visible_rate,single_expected_target_detected_rate,single_expected_target_detected_given_visible,single_expected_target_ap50_95,single_expected_target_match_confidence_iou50,single_expected_target_strict_quality_iou50,pair_expected_precision,pair_expected_recall,pair_expected_f1,pair_expected_ap50_95,pair_expected_best_available_ap50_95,pair_expected_target_visible_rate,pair_expected_target_detected_rate,pair_expected_target_detected_given_visible,pair_expected_mean_target_ap50_95,pair_expected_target_ap50_95,pair_expected_best_target_ap50_95,pair_expected_target_match_confidence_iou50,pair_expected_target_strict_quality_iou50,delta_target_detected_rate,delta_target_ap50_95,delta_target_match_confidence_iou50,delta_target_strict_quality_iou50,delta_ap50_95
S0-SM_barrel_1,barrel,10,45,0.5808130910231132,0.8677083333333334,0.6594000571880756,0.6918853809667642,1.0,1.0,1.0,0.8300000000000001,0.826345032453537,0.7358395454530946,0.4309738852398962,0.8178135407644436,0.5403349826201423,0.6918853809667641,0.8406353701727317,1.0,1.0,1.0,0.8300000000000001,0.9022222222222223,0.9022222222222223,0.851772145430247,0.7752227074626047,0.0,0.07222222222222219,0.025427112976710076,0.039383162009510086,-1.1102230246251565e-16
S0-SM_barrel_10,barrel,9,36,0.49713165170440565,0.9269521796403516,0.5935514876999118,0.7972162871919966,0.8888888888888888,0.8888888888888888,1.0,0.6354166668322352,0.7567868630091349,0.6409184560520207,0.42130137212008445,0.9034264381352306,0.5554711370418177,0.7972162871919967,0.9066599630218116,1.0,1.0,1.0,0.6354166668322352,0.7826388890130652,0.7826388890130652,0.8650836017396715,0.7525940675025455,0.11111111111111116,0.14722222218083003,0.10829673873053658,0.11167561145052485,1.1102230246251565e-16
S0-SM_barrel_11,barrel,7,21,0.753083664896648,0.9696969696969697,0.8363447612295538,0.8399311126360833,1.0,1.0,1.0,0.7454931998283278,0.8375392811638969,0.7303661560974655,0.6975177108784838,0.9548743246417666,0.798049044558377,0.8399311126360832,0.9213426005330567,1.0,1.0,1.0,0.745493199828328,0.7908730158848423,0.7908730158848423,0.8549651986076718,0.7698078813001237,0.0,0.04537981605651442,0.017425917443774974,0.03944172520265821,-1.1102230246251565e-16
S0-SM_barrel_12,barrel,8,28,0.3429510718689823,0.7882861024844721,0.46345551371569477,0.6116350870185931,1.0,1.0,1.0,0.8432291669771075,0.8701302483677864,0.7947611289802898,0.27259878629783413,0.7385080934857623,0.39207919525358115,0.6116350870185931,0.7451671942257593,1.0,1.0,1.0,0.8432291669771076,0.8972842265984842,0.8972842265984842,0.8920222563402993,0.8255890819610191,0.0,0.05405505962137669,0.021892007972512895,0.030827952980729267,0.0
S0-SM_barrel_13,barrel,11,55,0.6017045454545454,0.981060606060606,0.7188374972248247,0.7873047912067258,1.0,1.0,1.0,0.7804653683169321,0.8641981049017473,0.7486230182205705,0.528516031065917,0.9767298814646432,0.6696105490264435,0.7873047912067259,0.8330123854049448,1.0,1.0,1.0,0.7804653683169321,0.8408468615873294,0.8408468615873294,0.8795901937918229,0.7926462461170739,0.0,0.06038149327039721,0.015392088890075595,0.04402322789650337,1.1102230246251565e-16
S0-SM_barrel_14,barrel,9,36,0.6136222857714085,0.95679012345679,0.7339432127667422,0.8041505815744874,1.0,1.0,1.0,0.8097376552766856,0.8775499794218276,0.8006758529454348,0.5681840562527226,0.9499075769909103,0.7014999684222176,0.8041505815744874,0.8665756260501332,1.0,1.0,1.0,0.8097376552766856,0.861903936319329,0.861903936319329,0.8953109317355685,0.8304111511494876,0.0,0.052166281042643425,0.017760952313740974,0.02973529820405285,0.0
S0-SM_barrel_15,barrel,10,45,0.4674514387429528,0.9179999999999999,0.5935514670059006,0.7617554801081896,1.0,1.0,1.0,0.7550228183211551,0.8692909359931946,0.7612676422446739,0.4068557843228439,0.8785648577893714,0.546291232103201,0.7617554801081896,0.8682116641782711,1.0,1.0,1.0,0.7550228183211553,0.8298785284273786,0.8298785284273786,0.8949675692452325,0.8187783563251161,0.0,0.0748557101062235,0.02567663325203784,0.05751071408044217,0.0
S0-SM_barrel_16,barrel,8,28,0.7428876678876679,0.981547619047619,0.8260998964803312,0.9021325877686246,0.75,0.75,1.0,0.5828125,0.6133245453238487,0.5284314846666698,0.6732606883773349,0.9766981382643412,0.780112887652414,0.9021325877686246,0.9533509862062555,0.9642857142857143,0.9642857142857143,1.0,0.5828125000000001,0.7848214285714287,0.7848214285714287,0.8027845110212054,0.7024934811295503,0.2142857142857143,0.20200892857142871,0.18945996569735668,0.17406199646288056,0.0
S0-SM_barrel_17,barrel,10,45,0.6740036231884059,0.9577777777777777,0.767234861066153,0.825196599807791,0.8,0.8,1.0,0.61,0.662573367357254,0.5692040010663206,0.5942130872029721,0.9352160591089984,0.7065165872223756,0.8251965998077911,0.9173274198552588,0.9777777777777777,0.9777777777777777,1.0,0.61,0.7777777777777778,0.7777777777777778,0.8223399930530124,0.7201491223719971,0.1777777777777777,0.1677777777777778,0.1597666256957584,0.1509451213056765,1.1102230246251565e-16
S0-SM_barrel_18,barrel,9,36,0.369049739049055,0.8511111111111112,0.48046847675102655,0.7060827890520137,1.0,1.0,1.0,0.6906944447093539,0.8207063343789842,0.7220375594606208,0.29177039462494964,0.8105867535808815,0.4177871421050774,0.7060827890520137,0.830408385999759,1.0,1.0,1.0,0.6906944447093539,0.7983449075267547,0.7983449075267547,0.8634856045246124,0.7894422212578793,0.0,0.10765046281740076,0.04277927014562821,0.06740466179725857,0.0
S0-SM_barrel_19,barrel,9,36,0.2866206610295092,0.8583726256876162,0.4189989650406428,0.603741573046142,1.0,1.0,1.0,0.5997453704062434,0.8330710927645365,0.6832701010264013,0.24564764760201596,0.8103448492863176,0.3720997727725013,0.603741573046142,0.755972760408739,1.0,1.0,1.0,0.5997453704062434,0.7161689815421899,0.7161689815421899,0.8493669877449671,0.7383425470859974,0.0,0.11642361113594646,0.016295894980430603,0.05507244605959616,0.0
S0-SM_barrel_2,barrel,14,91,0.6168249244142101,0.9333333333333333,0.7013049034233123,0.8207797991737521,0.7857142857142857,0.7857142857142857,1.0,0.5928571428571429,0.6608022791998727,0.5619330860396209,0.499768127810062,0.9172421880114187,0.612432197568057,0.8207797991737521,0.9229053258523641,0.967032967032967,0.967032967032967,1.0,0.5928571428571429,0.7747252747252747,0.7747252747252747,0.8242791969697554,0.7177170589402956,0.18131868131868134,0.1818681318681319,0.1634769177698827,0.1557839729006747,0.0
S0-SM_barrel_20,barrel,10,45,0.5122024811548543,0.9257130124777184,0.625534220728934,0.7699795050624634,0.9,0.9,1.0,0.6577083334326744,0.7569905877113342,0.6611124927591814,0.4104383997475395,0.9227245304166902,0.5566661611769884,0.7699795050624635,0.866712174392047,1.0,1.0,1.0,0.6577083334326744,0.7973611112435659,0.7973611112435659,0.8506542325019837,0.7666009485237402,0.09999999999999998,0.13965277781089147,0.09366364479064948,0.10548845576455879,1.1102230246251565e-16
S0-SM_barrel_21,barrel,12,66,0.555906965805764,0.9495726495726496,0.6787743726684425,0.7984175837037016,0.9166666666666666,0.9166666666666666,1.0,0.71875,0.7700321425994238,0.6765444678837577,0.5231875535991758,0.9394881689739959,0.659713042806256,0.7984175837037016,0.8564005227958599,1.0,1.0,1.0,0.71875,0.8428030303030303,0.8428030303030303,0.8581569411537864,0.7707292891758972,0.08333333333333337,0.12405303030303028,0.08812479855436262,0.09418482129213956,0.0
S0-SM_barrel_3,barrel,10,45,0.6007508636208826,0.9330882352941176,0.6869949330666313,0.809703758759342,0.7,0.7,1.0,0.55,0.5917034566402435,0.5173395232240161,0.46956243384756835,0.9019273778404214,0.5879732356624296,0.809703758759342,0.9131438785703193,0.9333333333333333,0.9333333333333333,1.0,0.55,0.7733333333333333,0.7733333333333333,0.7978257139523824,0.7105466787363891,0.2333333333333334,0.22333333333333327,0.20612225731213896,0.193207155512373,0.0
S0-SM_barrel_4,barrel,16,120,0.48796991625652786,0.93125,0.6032461099795196,0.7667559335925787,1.0,1.0,1.0,0.7711313682377632,0.8681100606918335,0.7744130234358733,0.3860836316100054,0.9099731388708707,0.5244234590359746,0.7667559335925787,0.869415476064049,1.0,1.0,1.0,0.7711313682377632,0.8377912819932825,0.8377912819932825,0.8917313396930695,0.8125140062210411,0.0,0.06665991375551927,0.023621279001236006,0.038100982785167825,0.0
S0-SM_barrel_5,barrel,12,66,0.6852666161311257,0.9143407761828813,0.7520923257640525,0.7441860190523193,1.0,1.0,1.0,0.7083333333333334,0.8321246157089869,0.6916787507402372,0.5341896695816313,0.8589259070727788,0.6336882856477911,0.7441860190523193,0.8454291629899465,1.0,1.0,1.0,0.7083333333333334,0.7757575757575758,0.7757575757575758,0.8460911331754742,0.7263325317242741,0.0,0.06742424242424239,0.01396651746648736,0.03465378098403693,0.0
S0-SM_barrel_6,barrel,16,120,0.6054456080371051,0.9351759153318078,0.6968842921784099,0.7471255235281969,1.0,1.0,1.0,0.7188461074487321,0.8529983051121235,0.721567307124432,0.5023021135582822,0.9050069722615013,0.6181314102410368,0.7471255235281969,0.8617292668932299,1.0,1.0,1.0,0.7188461074487321,0.8282295811442392,0.8282295811442392,0.8737292339404424,0.7770505134145723,0.0,0.10938347369550705,0.02073092882831895,0.05548320629014036,0.0
S0-SM_barrel_7,barrel,11,55,0.6057061288603536,0.9115702479338843,0.6875605676047892,0.7394040145724813,1.0,1.0,1.0,0.8112373748756568,0.8631310842253945,0.7698422049907269,0.4571071461442492,0.8786375930675114,0.5761247671944553,0.7394040145724813,0.8406094241330634,1.0,1.0,1.0,0.811237374875657,0.8583333347229796,0.8583333347229796,0.885176461393183,0.8095926542807498,0.0,0.04709595984732273,0.022045377167788427,0.039750449290022916,0.0
S0-SM_barrel_8,barrel,11,55,0.580416977658357,0.9116161616161617,0.6643470611385051,0.7789794721392215,0.9090909090909091,0.9090909090909091,1.0,0.6,0.7376258481632579,0.6015030098655177,0.455127833315749,0.8766811383609803,0.5675468402574394,0.7789794721392215,0.8923473497246514,1.0,1.0,1.0,0.6,0.7290909090909091,0.7290909090909091,0.8304014195095409,0.6961744197827996,0.09090909090909094,0.12909090909090915,0.092775571346283,0.09467140991728185,0.0
S0-SM_container_1,container,10,45,0.6504166666666666,0.8728260869565216,0.7058464027881504,0.8273837741798236,1.0,1.0,1.0,0.9291666666977108,0.9655085206031799,0.9361176583687183,0.47235523862290724,0.8099012345679013,0.5601557008176645,0.8273837741798236,0.9584475309691496,1.0,1.0,1.0,0.9291666666977108,1.0,1.0,0.9696917719311184,0.94580170309753,0.0,0.07083333330228925,0.004183251327938509,0.00968404472881168,0.0
S0-SM_container_10,container,12,66,0.6147714816271985,0.9345238095238094,0.7200020170520784,0.8739106430030942,1.0,1.0,1.0,0.9847106483109571,0.9673567116260529,0.9390176105837602,0.5513346222110496,0.9195179790652871,0.6745150777218699,0.8739106430030941,0.9633983098394812,1.0,1.0,1.0,0.9847106483109571,0.9955439815291451,0.9955439815291451,0.971263890916651,0.9473715140577696,0.0,0.010833333218188024,0.0039071792905981395,0.008353903474009439,-1.1102230246251565e-16
S0-SM_container_11,container,16,120,0.5701621599647916,0.9358363858363858,0.6795710113902713,0.8814982908489999,1.0,1.0,1.0,0.960997024245028,0.9682843014597893,0.9456129242441316,0.500940254700642,0.9253981537253596,0.6367645007304146,0.8814982908489999,0.96089763841825,1.0,1.0,1.0,0.960997024245028,0.993307291691502,0.993307291691502,0.9737343783179919,0.9555942370716756,0.0,0.03231026744647403,0.005450076858202646,0.009981312827543998,0.0
S0-SM_container_12,container,9,36,0.47746094485224916,0.9686868686868687,0.6042447264669487,0.8204624058461233,1.0,1.0,1.0,0.9508449088920047,0.9648204180929396,0.9443781461611995,0.4132263758951412,0.9625517360940479,0.5643024489816938,0.8204624058461233,0.9173167365979048,1.0,1.0,1.0,0.9508449088920047,0.9822173999461494,0.9822173999461494,0.9724473059177399,0.9581863032238958,0.0,0.03137249105414475,0.007626887824800255,0.013808157062696225,0.0
S0-SM_container_13,container,14,91,0.5116661191624087,0.9444959802102659,0.6422056115665138,0.8501404242527666,1.0,1.0,1.0,0.9411231597235041,0.9699683146817344,0.9421177739055481,0.4574765121558165,0.9285658248176683,0.5973605559020113,0.8501404242527666,0.9329805557221345,1.0,1.0,1.0,0.9411231597235041,0.9820157425889747,0.9820157425889747,0.9733618445448823,0.9500015856744118,0.0,0.040892582865470595,0.0033935298631478927,0.007883811768863769,0.0
S0-SM_container_14,container,10,45,0.688761827949246,0.9398692810457516,0.7669127593717758,0.830695660914168,1.0,1.0,1.0,0.9063472252541945,0.9675334453582763,0.9425444668856556,0.5681560560887967,0.9076484273100239,0.6710246999263388,0.830695660914168,0.9297982331017339,1.0,1.0,1.0,0.9063472252541946,0.9785308652369328,0.9785308652369328,0.9728617972797817,0.9562330693462029,0.0,0.07218363998273825,0.005328351921505381,0.013688602460547261,0.0
S0-SM_container_15,container,14,91,0.7963642213642215,0.9617376775271512,0.8615532337336849,0.9050514270209435,1.0,1.0,1.0,0.9566764473207295,0.9673349389008113,0.9440920071587134,0.7687377935374979,0.9587443286180906,0.8470270063354758,0.9050514270209435,0.9497088920695225,1.0,1.0,1.0,0.9566764473207295,0.9920712325214357,0.9920712325214357,0.9704304520900433,0.9512201704780096,0.0,0.03539478520070616,0.0030955131892319576,0.00712816331929611,0.0
S0-SM_container_16,container,10,45,0.6107686810943243,0.9633333333333333,0.7240221018949302,0.8881402503862725,1.0,1.0,1.0,0.9784071432247758,0.9714297592639923,0.953361805228053,0.5273023663030063,0.9492101999345045,0.6630614012059394,0.8881402503862726,0.9557391222123502,1.0,1.0,1.0,0.9784071432247758,0.9942126986056566,0.9942126986056566,0.9750024464395312,0.9598181014648983,0.0,0.015805555380880798,0.0035726871755388245,0.006456296236845294,1.1102230246251565e-16
S0-SM_container_17,container,11,55,0.5778615488595725,0.9568181818181819,0.6933770440452506,0.8630077075314755,1.0,1.0,1.0,0.933671719018859,0.9699543172662909,0.9485821245026248,0.5365531289002521,0.9367134354863367,0.665058152949263,0.8630077075314755,0.9435427680167368,1.0,1.0,1.0,0.933671719018859,0.986761111660678,0.986761111660678,0.972493775324388,0.9530905946777022,0.0,0.053089392641819,0.002539458058097077,0.004508470175077384,0.0
S0-SM_container_18,container,13,78,0.6676903895839785,0.9606227106227105,0.7591061161494311,0.8546225972013926,1.0,1.0,1.0,0.9712676776075373,0.9657502587024982,0.9437439709709999,0.5796263404555096,0.9494534430445183,0.6970014485200744,0.8546225972013926,0.928307304905367,1.0,1.0,1.0,0.9712676776075372,0.9950236988244543,0.9950236988244543,0.9708640017570593,0.9519542460710095,0.0,0.023756021216917,0.005113743054561137,0.0082102751000096,0.0
S0-SM_container_2,container,7,21,0.8055555555555556,1.0,0.878169449598021,0.8957371067593968,1.0,1.0,1.0,1.0,0.9621600423540387,0.937160927141648,0.7766750212128364,1.0,0.8669234220779325,0.8957371067593969,0.9244196452129455,1.0,1.0,1.0,1.0,1.0,1.0,0.9688040472212291,0.9497295414575191,0.0,0.0,0.006644004867190412,0.012568614315871085,1.1102230246251565e-16
S0-SM_container_21,container,10,45,0.6072198879551821,0.9584090909090909,0.7096518025786318,0.892312652649857,1.0,1.0,1.0,0.9396388908206589,0.9635153830051422,0.9299263571039631,0.5400225354938744,0.9601160006526362,0.6745957061247648,0.892312652649857,0.9531566854911117,1.0,1.0,1.0,0.9396388908206589,0.9825308650106559,0.9825308650106559,0.9692511863178677,0.9463288439150337,0.0,0.04289197418999702,0.005735803312725496,0.016402486811070593,0.0
S0-SM_container_22,container,10,45,0.653737508836193,0.9805555555555555,0.7607202580028667,0.9263516905337715,0.9,0.9,1.0,0.862037203013897,0.872277706861496,0.8552489258006964,0.5786754636503957,0.9769229808909892,0.7148448732885622,0.9263516905337714,0.9747484373780968,1.0,1.0,1.0,0.862037203013897,0.9861914684540696,0.9861914684540696,0.9718006147278679,0.9566365729034289,0.09999999999999998,0.1241542654401726,0.09952290786637197,0.1013876471027324,-1.1102230246251565e-16
S0-SM_container_23,container,11,55,0.627988677988678,0.990909090909091,0.7432560482469739,0.9192967640673327,1.0,1.0,1.0,0.9712256504198561,0.9706873406063427,0.9550785119709331,0.5657189801639622,0.9899140198232514,0.7079935293196704,0.9192967640673327,0.9522030976285811,1.0,1.0,1.0,0.971225650419856,0.9956574675373056,0.9956574675373056,0.9750356013124639,0.9627090342799968,0.0,0.02443181711744946,0.004348260706121265,0.007630522309063692,0.0
S0-SM_container_3,container,10,45,0.6165073271323271,0.92875,0.7070813168716084,0.8014434082219364,1.0,1.0,1.0,0.975,0.9619371652603149,0.9415280485960043,0.5110807174019545,0.9134578027560484,0.632227796238,0.8014434082219364,0.9056943427980287,1.0,1.0,1.0,0.975,1.0,1.0,0.9681492381625705,0.95080439996198,0.0,0.025000000000000022,0.006212072902255561,0.00927635136597571,0.0
S0-SM_container_30,container,17,136,0.6241324543219493,0.9707749766573296,0.7325089711090286,0.9271556524443062,1.0,1.0,1.0,0.9677360533756646,0.9664192410076365,0.946565753684314,0.5749318962987593,0.9711371811748615,0.7080205326543553,0.9271556524443062,0.9698777595245917,1.0,1.0,1.0,0.9677360533756646,0.9888874304530416,0.9888874304530416,0.9714937635204371,0.9534655369073716,0.0,0.02115137707737702,0.0050745225128006055,0.006899783223057621,0.0
S0-SM_container_4,container,10,45,0.600099846390169,0.9538461538461538,0.6807554721701063,0.7767615044241267,1.0,1.0,1.0,0.9276785715483129,0.9599166572093963,0.9300656171423174,0.4311451707638216,0.9211236424394319,0.5475478833643558,0.7767615044241266,0.9434443350637354,1.0,1.0,1.0,0.9276785715483129,1.0,1.0,0.9647594465149774,0.9375366754256472,0.0,0.0723214284516871,0.004842789305581019,0.0074710582833298345,-1.1102230246251565e-16
S0-SM_container_5,container,10,45,0.5554742917900812,0.9380952380952381,0.6792312700071321,0.7925296257929063,1.0,1.0,1.0,0.9584027780675226,0.966608190536499,0.9385799762546817,0.5228727701209215,0.936682805212217,0.6632462021821384,0.7925296257929064,0.884066941697302,1.0,1.0,1.0,0.9584027780675225,0.9815354939669739,0.9815354939669739,0.9728379355536567,0.953919108824747,0.0,0.023132715899451317,0.006229745017157673,0.01533913257006525,1.1102230246251565e-16
S0-SM_container_6,container,5,10,0.5935912172119069,0.9492063492063492,0.7063852143728304,0.8389676236690743,1.0,1.0,1.0,0.9928125,0.9710590600967407,0.947864744468071,0.5336446024274131,0.9481652661064427,0.6712763583005938,0.8389676236690743,0.8919643344044188,1.0,1.0,1.0,0.9928125,0.9984375,0.9984375,0.9731711566448211,0.9525932083535323,0.0,0.005624999999999991,0.002112096548080422,0.0047284638854613315,0.0
S0-SM_container_7,container,11,55,0.6836272767949786,0.9785353535353536,0.7857779725781181,0.8308034237611831,1.0,1.0,1.0,0.9359217175160243,0.9715628190474077,0.9523923264415505,0.6217983956043219,0.9723938368416397,0.7448028440992492,0.830803423761183,0.9124618976088,1.0,1.0,1.0,0.9359217175160243,0.9876893941106067,0.9876893941106067,0.9753969116644425,0.9606667892432602,0.0,0.05176767659458248,0.0038340926170348233,0.008274462801709737,-1.1102230246251565e-16
S0-SM_container_8,container,9,36,0.5788534893186056,0.9241622574955909,0.7034592297216403,0.7990581237133956,1.0,1.0,1.0,0.9293518531212099,0.9684271613756815,0.9436269741068659,0.5278586751988316,0.9014799546011688,0.659698443767708,0.7990581237133956,0.8852234572463714,1.0,1.0,1.0,0.9293518531212102,0.9971296297620843,0.9971296297620843,0.9710850500398212,0.9510781142114486,0.0,0.06777777664087437,0.0026578886641396293,0.007451140104582699,0.0
S0-SM_container_9,container,8,28,0.6949760765550239,0.8623737373737373,0.746907908875994,0.7480516962073771,1.0,1.0,1.0,0.9050000004284083,0.9596371203660965,0.9320974386780256,0.5444723531997427,0.8008498941534655,0.622139746488612,0.7480516962073771,0.8998588862534961,1.0,1.0,1.0,0.9050000004284084,1.0,1.0,0.964498194200652,0.9409419465108336,0.0,0.09499999957159166,0.004861073834555474,0.00884450783280799,0.0
S0-SM_male1,male,5,10,0.885,1.0,0.9316239316239316,0.9017500016093255,1.0,1.0,1.0,0.72,0.8025713801383972,0.6717251523749773,0.860897435897436,1.0,0.9213139801375096,0.9017500016093255,0.9166875001788138,1.0,1.0,1.0,0.72,0.8099999999999999,0.8099999999999999,0.8309381484985352,0.7232970521900469,0.0,0.08999999999999997,0.02836676836013796,0.0515718998150696,0.0
S0-SM_male10,male,15,105,0.3463605762665194,0.8273936229462546,0.4668398120953555,0.6228590213869707,1.0,1.0,1.0,0.5795925928652287,0.7987836996714274,0.6416317297325129,0.2641130454099037,0.757112423078272,0.3828308012536946,0.6228590213869708,0.7674775788384823,1.0,1.0,1.0,0.5795925928652287,0.6604100531996007,0.6604100531996007,0.8440529249963307,0.7017974953979496,0.0,0.08081746033437198,0.045269225324903295,0.06016576566543663,1.1102230246251565e-16
S0-SM_male11,male,5,10,0.8977777777777778,1.0,0.9424148606811146,0.911862437417031,1.0,1.0,1.0,0.7727777809980843,0.8581358909606933,0.7527825554424219,0.8952046783625731,1.0,0.9433060791884321,0.911862437417031,0.9467605845438187,1.0,1.0,1.0,0.7727777809980843,0.8402777796197268,0.8402777796197268,0.8753782927989959,0.7743830198934518,0.0,0.06749999862164258,0.017242401838302612,0.02160046445102992,0.0
S0-SM_male12,male,10,45,0.6423095238095238,0.9441666666666666,0.7480167450278572,0.7918470963940297,0.9,0.9,1.0,0.5872539717666213,0.7255573511123657,0.6083946889470202,0.5791130264719209,0.934830785845624,0.7011512354930629,0.7918470963940297,0.8751898354942567,1.0,1.0,1.0,0.5872539717666213,0.6960229312271878,0.6960229312271878,0.8293311026361253,0.71063251057752,0.09999999999999998,0.10876895946056653,0.10377375152375956,0.10223782163049977,0.0
S0-SM_male13,male,4,6,0.6315972222222223,0.96875,0.7426716506000394,0.8483551167164852,1.0,1.0,1.0,0.645505960697663,0.8531452715396881,0.7721029976823512,0.5935358758888171,0.9685185185185184,0.7285563983743963,0.8483551167164852,0.8830174999666865,1.0,1.0,1.0,0.6455059606976629,0.7014351906537734,0.7014351906537734,0.8775845170021057,0.8164260243222318,0.0,0.05592922995611038,0.024439245462417603,0.044323026639880525,0.0
S0-SM_male14,male,7,21,0.7287546564857489,0.9904761904761905,0.8317356248052554,0.8602263068540655,1.0,1.0,1.0,0.7358730175641794,0.8605435405458722,0.7134427467005219,0.7010103181870827,0.9888060957072039,0.8147790211226441,0.8602263068540655,0.8766899642210749,1.0,1.0,1.0,0.7358730175641794,0.7879761910911591,0.7879761910911591,0.872644875730787,0.763595998592027,0.0,0.052103173526979685,0.012101335184914741,0.0501532518915051,0.0
S0-SM_male15,male,17,136,0.4276147729792231,0.9732726423902894,0.5708106864065882,0.7777401650027151,1.0,1.0,1.0,0.6473010046122357,0.786234884577639,0.6542150340466132,0.37649867848055896,0.9619102209170232,0.5325217904884829,0.7777401650027151,0.8472692142022574,1.0,1.0,1.0,0.6473010046122357,0.7693459678770858,0.7693459678770858,0.8518824060173595,0.7386592140716646,0.0,0.12204496326485004,0.06564752143972052,0.08444418002505139,0.0
S0-SM_male16,male,12,66,0.48767911202121733,0.9695910973084887,0.6269790177143119,0.7140230448129129,0.9166666666666666,0.9166666666666666,1.0,0.6170816816458548,0.7658750911553701,0.6557583006890161,0.4352211928371314,0.960663961907901,0.5910082878500436,0.7140230448129129,0.7734967730353599,1.0,1.0,1.0,0.6170816816458549,0.7435798473060382,0.7435798473060382,0.8547968340642524,0.7574717986026787,0.08333333333333337,0.12649816566018346,0.08892174290888233,0.10171349791366258,0.0
S0-SM_male17,male,10,45,0.6059190309939935,0.9550000000000001,0.7186500945527314,0.816517036314041,0.9,0.9,1.0,0.7083611125842564,0.7581382274627686,0.6750167001097662,0.5242729375033665,0.9433863505819409,0.6601565815954217,0.816517036314041,0.8740398410613044,1.0,1.0,1.0,0.7083611125842565,0.8523425932606614,0.8523425932606614,0.8650439964400397,0.7842167774698522,0.09999999999999998,0.14398148067640504,0.10690576897727111,0.10920007736008597,0.0
S0-SM_male18,male,13,78,0.41398105817705566,0.9026983983505723,0.5270347032520181,0.7005225648436486,1.0,1.0,1.0,0.7400386666373406,0.8374239756510808,0.7126137112729949,0.30771690129203916,0.8634710506377345,0.4381175872046145,0.7005225648436487,0.803447632322306,1.0,1.0,1.0,0.7400386666373406,0.8100291691998455,0.8100291691998455,0.8614462858591324,0.7635539634144514,0.0,0.06999050256250483,0.024022310208051567,0.05094025214145648,1.1102230246251565e-16
S0-SM_male19,male,9,36,0.28296933913632205,0.8498677248677249,0.40592571731922944,0.64411910352802,1.0,1.0,1.0,0.6803468590817999,0.8495643006430732,0.7360707809398213,0.24685789531096836,0.822885951486313,0.37280263352978343,0.64411910352802,0.7063478981430571,1.0,1.0,1.0,0.6803468590817999,0.750418874385719,0.750418874385719,0.8703566061125861,0.7864535757808271,0.0,0.07007201530391904,0.02079230546951294,0.05038279484100583,0.0
S0-SM_male2,male,13,78,0.6889534062962055,0.9692307692307692,0.7751738290199828,0.8300345455824478,0.9230769230769231,0.9230769230769231,1.0,0.6549450549941797,0.7521543869605432,0.6291195817723584,0.6051384150205469,0.9607988165680473,0.719902223176765,0.8300345455824476,0.9060135349075454,1.0,1.0,1.0,0.6549450549941797,0.7721611721775471,0.7721611721775471,0.835842170776465,0.708930680732788,0.07692307692307687,0.11721611718336744,0.0836877838159219,0.0798110989604296,-2.220446049250313e-16
S0-SM_male20,male,13,78,0.2909378499041397,0.9025781910397295,0.4308920434815003,0.7018184217204818,1.0,1.0,1.0,0.6891117239188088,0.828150226519658,0.6919629304595182,0.26517230581744217,0.8597001916432248,0.4005106446726461,0.7018184217204817,0.7895105641815834,1.0,1.0,1.0,0.6891117239188089,0.7676790823165357,0.7676790823165357,0.8487421312393286,0.745231413499961,0.0,0.07856735839772688,0.02059190471967065,0.05326848304044285,-1.1102230246251565e-16
S0-SM_male3,male,13,78,0.5823787501672117,0.8229220055307013,0.6409080122563269,0.5109916346709128,1.0,1.0,1.0,0.6092628214293374,0.8250435178096478,0.6649022144651137,0.392347662050667,0.7405078573016687,0.4799690366795271,0.5109916346709128,0.6430097465403541,1.0,1.0,1.0,0.6092628214293374,0.6876068383311996,0.6876068383311996,0.8529479381365653,0.7071401668246858,0.0,0.07834401690186221,0.027904420326917534,0.04223795235957217,0.0
S0-SM_male4,male,14,91,0.6081821279606089,0.9354934956438716,0.7088271874328956,0.8258795520478049,0.9285714285714286,0.9285714285714286,1.0,0.67760582215335,0.7451976452554975,0.6615669366612826,0.5369819475945149,0.9118969648761508,0.6565803585427133,0.8258795520478049,0.9269041414303791,1.0,1.0,1.0,0.6776058221533501,0.8292267003534138,0.8292267003534138,0.8658021924259899,0.7843062572693003,0.0714285714285714,0.15162087820006387,0.1206045471704924,0.12273932060801762,0.0
S0-SM_male5,male,10,45,0.48550649350649355,0.9097979797979798,0.6071878408310151,0.799737438782774,0.9,0.9,1.0,0.6702579373056217,0.7447350323200226,0.6401792046107616,0.4222649571095348,0.9057235404010431,0.560245790753189,0.7997374387827741,0.8922339259492993,1.0,1.0,1.0,0.6702579373056217,0.7890211649341559,0.7890211649341559,0.8394547740618388,0.7370634587278956,0.09999999999999998,0.1187632276285342,0.09471974174181619,0.09688425411713397,1.1102230246251565e-16
S0-SM_male6,male,8,28,0.8042162698412698,0.9642857142857143,0.8701884920634921,0.8548333919181988,1.0,1.0,1.0,0.5994791694140682,0.829728290438652,0.6834489687423035,0.7939529958713949,0.9645735217163789,0.8679614099748221,0.8548333919181988,0.8807849751579493,1.0,1.0,1.0,0.5994791694140682,0.6587301620977029,0.6587301620977029,0.8646472224167415,0.7352447048411789,0.0,0.05925099268363465,0.034918931978089485,0.051795736098875333,0.0
S0-SM_male7,male,7,21,0.23378998739083734,0.8981292517006804,0.359912915987788,0.66223431761124,1.0,1.0,1.0,0.6779761910438538,0.8434719102723258,0.7287604720049004,0.21892253268280953,0.8943407782693498,0.34661023742701597,0.66223431761124,0.7600049653617302,1.0,1.0,1.0,0.6779761910438538,0.7746031747510036,0.7746031747510036,0.8721325454257783,0.7638793532119094,0.0,0.09662698370714984,0.02866063515345252,0.03511888120700901,0.0
S0-SM_male8,male,18,153,0.6005923044489287,0.8918869057594547,0.6845010932862339,0.6297667883326717,1.0,1.0,1.0,0.7027777777777778,0.7572872165409434,0.636340395163375,0.4876192956648517,0.8443120739651427,0.5945948130366119,0.6297667883326719,0.753789763877053,1.0,1.0,1.0,0.7027777777777778,0.8058823529411765,0.8058823529411765,0.8189540918356453,0.7110773156151927,0.0,0.10310457516339866,0.06166687529470183,0.07473692045181768,1.1102230246251565e-16
S0-SM_male9,male,9,36,0.6161075502160773,0.9676767676767677,0.7168677515899738,0.747867421614153,1.0,1.0,1.0,0.7101851856542959,0.8377027842733595,0.699728225052326,0.5163805224848628,0.9680425970705898,0.6545699816334892,0.747867421614153,0.8205347569667146,1.0,1.0,1.0,0.7101851856542959,0.8027777777777778,0.8027777777777778,0.8659838918182585,0.756835651404788,0.0,0.09259259212348192,0.028281107544898987,0.05710742635246202,0.0
S0-SM_rock1,rock,15,105,0.686299648064354,0.9111111111111111,0.7515482447835389,0.7981565173112052,1.0,1.0,1.0,0.9434871797760328,0.9666412949562073,0.9452897152793478,0.580616322670345,0.8881898588127467,0.6764691472055141,0.7981565173112051,0.9089276623107895,1.0,1.0,1.0,0.9434871797760328,0.9990476190476191,0.9990476190476191,0.9727016852015541,0.9556544789625403,0.0,0.05556043927158627,0.0060603902453467695,0.010364763683192502,-1.1102230246251565e-16
S0-SM_rock10,rock,13,78,0.5920462102578721,0.9275641025641026,0.6949233482320469,0.849226611649766,1.0,1.0,1.0,0.9127433937170674,0.9701151985388535,0.9458859982246236,0.5361533251374134,0.9219362292376241,0.659515255459131,0.849226611649766,0.9504937417070807,1.0,1.0,1.0,0.9127433937170673,0.9740060067940934,0.9740060067940934,0.97834318341353,0.9606545734574584,0.0,0.061262613077026074,0.008227984874676464,0.014768575232834813,0.0
S0-SM_rock11,rock,10,45,0.46993047920372566,0.9489285714285713,0.5943693063693064,0.8231678540564239,1.0,1.0,1.0,0.8708055599791308,0.9702627122402191,0.9500121154121792,0.4000103386527706,0.9428037363202483,0.5489321017042701,0.8231678540564238,0.9265130097948558,1.0,1.0,1.0,0.8708055599791308,0.9596296314766377,0.9596296314766377,0.9764995402759976,0.9609289254520855,0.0,0.08882407149750693,0.006236828035778519,0.0109168100399063,-1.1102230246251565e-16
S0-SM_rock12,rock,13,78,0.524206863652332,0.8587949380935807,0.6152743608718523,0.7534148502950946,1.0,1.0,1.0,0.9280319666579859,0.970820413186,0.9558478823390892,0.4020926078822566,0.8271104289691661,0.5197194489049168,0.7534148502950946,0.892395778110351,1.0,1.0,1.0,0.9280319666579862,0.9830387258550078,0.9830387258550078,0.9742205402789972,0.9605442431421605,0.0,0.055006759197021915,0.003400127092997196,0.004696360803071231,0.0
S0-SM_rock13,rock,7,21,0.714820473644003,0.9,0.7731522482094564,0.7975306012622045,1.0,1.0,1.0,0.9393887363374233,0.9704254014151437,0.9443854896693864,0.6072510886055065,0.8679863614646224,0.6954663713969748,0.7975306012622047,0.9464813021735223,1.0,1.0,1.0,0.9393887363374234,0.9992559523809523,0.9992559523809523,0.9732527505783808,0.9520092059347325,0.0,0.05986721604352907,0.002827349163237125,0.007623716265346081,1.1102230246251565e-16
S0-SM_rock14,rock,12,66,0.5901293922127255,0.8832720588235294,0.6769221291228334,0.7689185998934431,1.0,1.0,1.0,0.9100694463892701,0.9744963149229685,0.9584109104323663,0.4775058338346374,0.8238294584501938,0.5885724259174938,0.7689185998934432,0.9217217637669763,1.0,1.0,1.0,0.9100694463892702,0.9745454549533551,0.9745454549533551,0.9770783014369734,0.9640563238879751,0.0,0.06447600856408497,0.0025819865140048748,0.005645413455608872,1.1102230246251565e-16
S0-SM_rock15,rock,13,78,0.5628212807541219,0.9153846153846155,0.6535219245602113,0.8671856784603655,0.9230769230769231,0.9230769230769231,1.0,0.8874719175270989,0.902141850728255,0.8873206738267927,0.48473476932237786,0.9229104130524112,0.6211540516909743,0.8671856784603656,0.9471920707244862,1.0,1.0,1.0,0.8874719175270989,0.9870571838834322,0.9870571838834322,0.9804537747150812,0.9665825319900483,0.07692307692307687,0.09958526635633336,0.07831192398682618,0.0792618581632556,1.1102230246251565e-16
S0-SM_rock16,rock,9,36,0.42246814861748777,0.9154320987654321,0.562129814590741,0.7605062947785641,1.0,1.0,1.0,0.9131044271076291,0.9791643487082587,0.9672507140093857,0.38446156747696913,0.9080306626972003,0.5328167221914996,0.7605062947785641,0.8490092511617523,1.0,1.0,1.0,0.9131044271076291,0.9801054538185459,0.9801054538185459,0.9808434628778033,0.9702985175154603,0.0,0.06700102671091679,0.0016791141695445821,0.0030478035060745867,0.0
S0-SM_rock17,rock,15,105,0.4974219965276411,0.9544807044807045,0.6215700355805084,0.8557352174164864,1.0,1.0,1.0,0.9206266533042092,0.9752841234207154,0.9580050402309901,0.4404096911049263,0.945937364026705,0.5847125980891611,0.8557352174164865,0.9173842424729499,1.0,1.0,1.0,0.9206266533042092,0.9799794934031942,0.9799794934031942,0.9794342761947995,0.9651900539237389,0.0,0.059352840098985005,0.004150152774084148,0.007185013692748821,1.1102230246251565e-16
S0-SM_rock18,rock,14,91,0.5494922623523791,0.9519274376417234,0.6647304662211495,0.8741387082023475,0.9285714285714286,0.9285714285714286,1.0,0.8679924888066661,0.8858159056731633,0.8625938155452056,0.48000466737966474,0.9475775853921383,0.6233402447080042,0.8741387082023475,0.9372321401091308,1.0,1.0,1.0,0.867992488806666,0.9705304815365593,0.9705304815365593,0.973468657378312,0.9567520313768793,0.0714285714285714,0.10253799272989317,0.08765275170514875,0.09415821583167361,0.0
S0-SM_rock19,rock,4,6,0.5446950710108605,0.95,0.6748066875653083,0.8713145021699404,1.0,1.0,1.0,0.8955439806881326,0.968296468257904,0.939246202767956,0.5337994065734584,0.9712301587301587,0.6839445776316894,0.8713145021699403,0.947245162617175,1.0,1.0,1.0,0.8955439806881326,0.9345833290947807,0.9345833290947807,0.9720331529776255,0.9486663105668374,0.0,0.03903934840664813,0.0037366847197214392,0.00942010779888136,-1.1102230246251565e-16
S0-SM_rock2,rock,15,105,0.7648412698412699,1.0,0.8402719502719502,0.8915134964055721,1.0,1.0,1.0,1.0,0.9704272111256917,0.9540569727432825,0.7288545348749953,1.0,0.8258354448915107,0.8915134964055721,0.9326771004766158,1.0,1.0,1.0,1.0,1.0,1.0,0.97450647013528,0.9624325304925714,0.0,0.0,0.004079259009588276,0.008375557749288887,0.0
S0-SM_rock20,rock,9,36,0.5504354725845954,0.972934472934473,0.6974187004256568,0.847028669733746,1.0,1.0,1.0,0.8520350085452386,0.9471935629844666,0.9022540472902421,0.54385605742417,0.9696995049451592,0.6943271776459122,0.847028669733746,0.8891827727896252,1.0,1.0,1.0,0.8520350085452386,0.921275948301658,0.921275948301658,0.9638505611154768,0.9401146078317123,0.0,0.06924093975641943,0.016656998131010292,0.037860560541470245,0.0
S0-SM_rock21,rock,15,105,0.6010908083648555,0.9708333333333333,0.7154770491045,0.9100028278507136,1.0,1.0,1.0,0.9408599198602021,0.9708994706471761,0.9505198323190717,0.5797588336254619,0.9692658246374988,0.7107811172257913,0.9100028278507136,0.9546513456143886,1.0,1.0,1.0,0.9408599198602021,0.97592599193643,0.97592599193643,0.9761633907045637,0.9609536076518841,0.0,0.03506607207622792,0.005263920057387628,0.010433775332812423,0.0
S0-SM_rock3,rock,9,36,0.5560744810744811,0.878917378917379,0.6400141959152315,0.8132016156276873,1.0,1.0,1.0,0.9354282408745753,0.9724634952015347,0.9390631012238271,0.4165050182606308,0.8291481504200803,0.524172772948358,0.8132016156276873,0.9480779414908194,1.0,1.0,1.0,0.9354282408745753,0.9839033565483987,0.9839033565483987,0.9767110215293037,0.9631529395081329,0.0,0.048475115673823344,0.004247526327768925,0.024089838284305776,0.0
S0-SM_rock4,rock,14,91,0.5934111815911904,0.9736842105263158,0.704203123937322,0.8633277733225105,1.0,1.0,1.0,0.9211323429238958,0.9612683951854706,0.9372759791293611,0.5156219905194305,0.9551449710331451,0.6501476234195217,0.8633277733225104,0.9510804452636132,1.0,1.0,1.0,0.9211323429238958,0.9882277559560129,0.9882277559560129,0.9691753538100274,0.9480401301572152,0.0,0.06709541303211708,0.007906958624556815,0.010764151027854107,-1.1102230246251565e-16
S0-SM_rock5,rock,8,28,0.5170506473724296,0.9052083333333333,0.6340176767676767,0.7788935280536248,1.0,1.0,1.0,0.9044270855017627,0.971018061041832,0.9524911662425408,0.44363186828909745,0.870747769102252,0.5758120293337489,0.7788935280536248,0.9017766310430477,1.0,1.0,1.0,0.9044270855017628,0.9837500001809427,0.9837500001809427,0.9735019824334553,0.9597644209101335,0.0,0.07932291467918007,0.002483921391623345,0.007273254667592655,0.0
S0-SM_rock6,rock,11,55,0.5825250362899284,0.920128890717126,0.6692923812050708,0.7900278461312165,1.0,1.0,1.0,0.841857898116487,0.9708775173534047,0.9559827571925354,0.4211152645712754,0.8961579713446065,0.5465186111326253,0.7900278461312166,0.9056229971942665,1.0,1.0,1.0,0.841857898116487,0.9356918773207048,0.9356918773207048,0.9745217670093883,0.9647850383047548,0.0,0.09383397920421777,0.0036442496559836446,0.008802281112219368,1.1102230246251565e-16
S0-SM_rock7,rock,11,55,0.35828604128999386,0.9188311688311689,0.47579563717213896,0.7129283152008389,1.0,1.0,1.0,0.881128713942843,0.9672613143920898,0.9510616537390727,0.27444327487640047,0.8897163925295082,0.40725520022329864,0.7129283152008389,0.8336721187877782,1.0,1.0,1.0,0.881128713942843,0.9569738308473312,0.9569738308473312,0.9698778856884349,0.9581443185455,0.0,0.07584511690448825,0.0026165712963450716,0.007082664806427275,0.0
S0-SM_rock8,rock,5,10,0.34354216045392516,0.8586363636363636,0.4730527334300919,0.737774709868226,1.0,1.0,1.0,0.8677491595878933,0.9708663582801819,0.9387493853785905,0.30217508074367067,0.857702589807853,0.4411323241089541,0.737774709868226,0.8266784689022716,1.0,1.0,1.0,0.8677491595878933,0.9417893791656409,0.9417893791656409,0.9725659251213074,0.9456105833243257,0.0,0.07404021957774753,0.0016995668411254883,0.006861197945735142,0.0
S0-SM_rock9,rock,13,78,0.4388080231075484,0.9052503052503054,0.5640958403559007,0.7296527582923377,1.0,1.0,1.0,0.8746369745445478,0.9729673633208642,0.954756310930764,0.38685835240347666,0.8990436298782877,0.5236192857048716,0.7296527582923377,0.8168368416358849,1.0,1.0,1.0,0.8746369745445478,0.9456524760953524,0.9456524760953524,0.9771088292965522,0.963327760683215,0.0,0.0710155015508046,0.004141465975687986,0.008571449752451055,0.0
S0-SM_suv1,suv,9,36,0.7322830292979546,0.9384137426900584,0.7979987103636869,0.7195335407206458,1.0,1.0,1.0,0.9472222222222223,0.9509516358375549,0.9147642682561821,0.6045312800833035,0.8971786072063139,0.694633154212914,0.7195335407206458,0.8604133091598367,1.0,1.0,1.0,0.9472222222222223,0.9972222222222222,0.9972222222222222,0.9591900342040591,0.9305102841001079,0.0,0.04999999999999993,0.008238398366504196,0.015746015843925876,0.0
S0-SM_suv10,suv,11,55,0.7196803196803198,0.987012987012987,0.7929997855318628,0.8699648180894958,1.0,1.0,1.0,0.8959458241491013,0.9391481388698925,0.904749273071474,0.6070853769930595,0.9816245089619703,0.7192250243346825,0.8699648180894958,0.9491855511959802,1.0,1.0,1.0,0.8959458241491013,0.9645151517742124,0.9645151517742124,0.9480285308577797,0.9160547605267219,0.0,0.06856932762511114,0.00888039198788726,0.011305487455247842,0.0
S0-SM_suv11,suv,7,21,0.47954598835581663,0.9172064777327936,0.6154234512290778,0.7395258412501189,1.0,1.0,1.0,0.9537698416896756,0.9409891452108111,0.9016948380261566,0.44809852089757785,0.9143105666332784,0.5949949826191061,0.739525841250119,0.7938005600723935,1.0,1.0,1.0,0.9537698416896755,0.9812830690688715,0.9812830690688715,0.9495182718549456,0.9207176483892293,0.0,0.027513227379195926,0.008529126644134521,0.01902281036307274,1.1102230246251565e-16
S0-SM_suv12,suv,14,91,0.5385525422290128,0.927245670995671,0.6606961179962579,0.8086876894594894,0.8571428571428571,0.8571428571428571,1.0,0.7055952385600124,0.8030262248856681,0.7616567674662887,0.4859512719289775,0.918760922144366,0.6243442255128179,0.8086876894594894,0.8794366959182659,0.989010989010989,0.989010989010989,1.0,0.7055952385600125,0.8773443226630872,0.8773443226630872,0.931590240080278,0.8937943854504022,0.13186813186813195,0.17174908410307477,0.12856401519460992,0.1321376179841135,0.0
S0-SM_suv13_13,suv,11,55,0.7129688493324857,0.9688311688311688,0.8035860677459327,0.8550928261834766,0.8181818181818182,0.8181818181818182,1.0,0.7746212121437897,0.7721190831877969,0.7348776796779284,0.6611203313648578,0.9670774590828066,0.7750967984516403,0.8550928261834766,0.915071001525417,0.9818181818181818,0.9818181818181818,1.0,0.7746212121437897,0.9450000000270931,0.9450000000270931,0.9314458467743614,0.8939228918432098,0.16363636363636358,0.1703787878833034,0.1593267635865645,0.15904521216528145,0.0
S0-SM_suv14_17,suv,6,15,0.31023190949038404,0.9338461538461539,0.4536790934465173,0.7949051130770252,1.0,1.0,1.0,0.908730159487043,0.9390539129575094,0.8966796275816661,0.29126452990945034,0.9166096240439269,0.43822015043752116,0.7949051130770252,0.8762736153012973,1.0,1.0,1.0,0.908730159487043,0.9600000000000001,0.9600000000000001,0.9475054105122884,0.9119848921791726,0.0,0.05126984051295702,0.00845149755477903,0.015305264597506474,0.0
S0-SM_suv15,suv,4,6,0.5,1.0,0.6568181818181819,0.894909475694987,0.75,0.75,1.0,0.7090277785642279,0.7103833854198456,0.6839229793384245,0.5263326113171315,1.0,0.6865591397849462,0.894909475694987,0.9492848876242835,1.0,1.0,1.0,0.7090277785642279,0.9601851857094853,0.9601851857094853,0.9511057237784067,0.9185806146520257,0.25,0.25115740714525736,0.24072233835856116,0.23465763531360118,0.0
S0-SM_suv16,suv,13,78,0.5451920574871395,0.8543123543123543,0.6220103923536418,0.7684665249135534,1.0,1.0,1.0,0.9055998183003603,0.9077638387680054,0.8672651337892311,0.4076913182122634,0.7983455123394584,0.5119496814305178,0.7684665249135535,0.9108509076797517,1.0,1.0,1.0,0.9055998183003603,0.9673801895104785,0.9673801895104785,0.9544984843486395,0.9189630619094351,0.0,0.06178037121011826,0.046734645580634115,0.05169792812020402,1.1102230246251565e-16
S0-SM_suv17,suv,12,66,0.7676543459007389,0.9646464646464646,0.8154265873015873,0.8757318709656771,1.0,1.0,1.0,0.9359953708705251,0.949037104845047,0.9107874336764231,0.6673395260264425,0.963582251082251,0.7477231038351515,0.8757318709656772,0.9570418998184334,1.0,1.0,1.0,0.9359953708705251,0.9771885522794893,0.9771885522794893,0.955811086026105,0.9263002053806316,0.0,0.04119318140896422,0.006773981181057986,0.015512771704208506,1.1102230246251565e-16
S0-SM_suv18,suv,14,91,0.6250949050949052,0.9722222222222222,0.7174471237770471,0.8916499786265805,1.0,1.0,1.0,0.9067191062770498,0.947305257831301,0.9124336383482744,0.5338950514647182,0.9624154830676569,0.6606243629332007,0.8916499786265805,0.9608878188985587,1.0,1.0,1.0,0.9067191062770497,0.9677197803876229,0.9677197803876229,0.9574410273478582,0.9307055766842882,0.0,0.06100067411057308,0.010135769516557147,0.018271938336013815,0.0
S0-SM_suv19,suv,8,28,0.5980332167832167,0.8834586466165414,0.6801801801801801,0.7944161441755623,1.0,1.0,1.0,0.928125,0.9335025027394295,0.890021981717986,0.45074447420293656,0.793889146567718,0.5569365989841597,0.7944161441755623,0.9564545824087126,1.0,1.0,1.0,0.928125,0.9892857142857142,0.9892857142857142,0.9414298747267041,0.9041599211155205,0.0,0.061160714285714235,0.007927371987274667,0.014137939397534494,0.0
S0-SM_suv2,suv,10,45,0.46388143666390463,0.7172619047619048,0.5345455868737636,0.5685938165720449,1.0,1.0,1.0,0.8660000001452863,0.9419565618038177,0.8955869066004706,0.2939874408073432,0.6249243561006823,0.3794282299037115,0.5685938165720449,0.780417397131427,1.0,1.0,1.0,0.8660000001452863,0.9597222222470574,0.9597222222470574,0.9493857807583279,0.9133654722688517,0.0,0.09372222210177106,0.007429218954510208,0.017778565668381097,0.0
S0-SM_suv20,suv,11,55,0.6625087875087875,0.9187878787878788,0.7365324069869523,0.8529689244483767,0.7272727272727273,0.7272727272727273,1.0,0.6886363637040962,0.6907842701131647,0.6626832963817318,0.5095505266209216,0.8704041832184213,0.6183747650928668,0.8529689244483768,0.9579854895195928,0.9454545454545454,0.9454545454545454,1.0,0.6886363637040962,0.9168181818588214,0.9168181818588214,0.9037835717201232,0.8723107159495305,0.21818181818181814,0.22818181815472516,0.21299930160695857,0.20962741956779862,1.1102230246251565e-16
S0-SM_suv21,suv,12,66,0.732488939062215,0.9785353535353535,0.8126418463918464,0.8861338447095886,0.8333333333333334,0.8333333333333334,1.0,0.7235615082085133,0.7833656469980875,0.735700125278513,0.643548462838586,0.9697546601564486,0.7558798098526607,0.8861338447095886,0.9533356844281977,0.9848484848484849,0.9848484848484849,1.0,0.7235615082085133,0.9134740261191672,0.9134740261191672,0.9297818622805856,0.8802909073345047,0.1515151515151515,0.1899125179106539,0.14641621528249804,0.14459078205599163,0.0
S0-SM_suv22,suv,15,105,0.5475648011703155,0.8859986504723347,0.6471267746669874,0.7447452885870837,1.0,1.0,1.0,0.8757623475950993,0.950073770682017,0.9181226559902119,0.4360612297214963,0.8194980103906825,0.5516290861804408,0.7447452885870838,0.8814873065639516,1.0,1.0,1.0,0.8757623475950993,0.9479651682211555,0.9479651682211555,0.957179502078465,0.9343148961678795,0.0,0.07220282062605621,0.00710573139644799,0.016192240177667627,1.1102230246251565e-16
S0-SM_suv3,suv,9,36,0.6738383838383838,0.9747474747474748,0.7720602828445966,0.8851414387128752,1.0,1.0,1.0,0.9284691390617762,0.9500369098451402,0.9095377345531249,0.6386336366998272,0.9658758380918441,0.7578437500041898,0.8851414387128752,0.9350109014177481,1.0,1.0,1.0,0.9284691390617762,0.9721481494870451,0.9721481494870451,0.956471229592959,0.924594242763706,0.0,0.043679010425268894,0.0064343197478188285,0.015056508210581132,0.0
S0-SM_suv4,suv,15,105,0.684868003922979,0.9796565656565657,0.7807239634852144,0.8578207036960415,1.0,1.0,1.0,0.9494984504064398,0.9517678697903951,0.9230597925027835,0.6284633816126461,0.9768545968871888,0.7479148389224762,0.8578207036960416,0.9133614181595191,1.0,1.0,1.0,0.9494984504064397,0.9766632095446123,0.9766632095446123,0.9588420743034,0.9358965305105011,0.0,0.027164759138172512,0.007074204513004889,0.012836738007717674,1.1102230246251565e-16
S0-SM_suv5,suv,18,153,0.560545345969778,0.9224675803623172,0.6778069652011762,0.7633814433712287,1.0,1.0,1.0,0.9124445664991588,0.9571107228597006,0.9258855081288611,0.49002057166531143,0.9024638606788962,0.6215828687862704,0.7633814433712287,0.8686101041109472,1.0,1.0,1.0,0.9124445664991588,0.9598169621974899,0.9598169621974899,0.964153857792125,0.9400999741096825,0.0,0.04737239569833107,0.007043134932424477,0.014214465980821434,0.0
S0-SM_suv6,suv,4,6,0.4064385163029741,0.7705357142857143,0.510843685300207,0.7061583620049692,1.0,1.0,1.0,0.9174254396360433,0.9572251886129379,0.9332517862182845,0.3145466676789186,0.7333519285523243,0.4346475147596824,0.7061583620049691,0.8662087507826625,1.0,1.0,1.0,0.9174254396360433,0.9851666676650445,0.9851666676650445,0.9597748219966888,0.938920287626928,0.0,0.06774122802900118,0.0025496333837509155,0.0056685014086435,-1.1102230246251565e-16
S0-SM_suv7,suv,12,66,0.6664001975927025,0.9192133559705716,0.7465602888791295,0.8054563927101982,1.0,1.0,1.0,0.9368931634255045,0.9513055483500162,0.9099317352026709,0.5614666143324292,0.8909616793313263,0.6678601203396392,0.8054563927101982,0.9223648361762945,1.0,1.0,1.0,0.9368931634255044,0.9757657829686827,0.9757657829686827,0.9582328543518529,0.9235208931787654,0.0,0.03887261954317811,0.006927306001836664,0.013589157976094501,0.0
S0-SM_suv8,suv,16,120,0.5836220038954071,0.8470712560386473,0.6510994223562478,0.6945409536198354,1.0,1.0,1.0,0.9043377994320222,0.9539831317961216,0.9160569776607559,0.43422934848328004,0.7810927825140757,0.5291101792776688,0.6945409536198354,0.8683121860977902,1.0,1.0,1.0,0.9043377994320222,0.9744444445905586,0.9744444445905586,0.9594824199875196,0.928390819062118,0.0,0.07010664515853637,0.005499288191398,0.012333841401362067,0.0
S0-SM_suv9,suv,10,45,0.6240469171812456,0.8356837606837606,0.6880385111964059,0.7233131541879206,1.0,1.0,1.0,0.9032444350938063,0.9509880781173706,0.915006768594527,0.47889545659692107,0.7737296831474165,0.5678412466244701,0.7233131541879206,0.8795661080615161,1.0,1.0,1.0,0.9032444350938063,0.9771098744114806,0.9771098744114806,0.9578048176235623,0.9279827990859578,0.0,0.07386543931767431,0.00681673950619166,0.012976030491430812,0.0
S0-SM_tank1,tank,16,120,0.7642161637382225,0.9806547619047619,0.829589069019216,0.8806973773770628,0.9375,0.9375,1.0,0.859635416790843,0.8854483515024185,0.8473792528920905,0.6902501986383883,0.9750987949672161,0.7843590696683067,0.8806973773770628,0.9504030533758231,1.0,1.0,1.0,0.859635416790843,0.9726736111442248,0.9726736111442248,0.9489629790186882,0.9166556076335347,0.0625,0.1130381943533818,0.06351462751626968,0.06927635474144422,0.0
S0-SM_tank10,tank,11,55,0.6622170072630902,0.818208399787347,0.7053416743474006,0.6540401560850431,1.0,1.0,1.0,0.7324009340508278,0.9272154786370017,0.830618856271926,0.46684891139937734,0.7262843845100978,0.5364862749593867,0.6540401560850431,0.8359042442608859,1.0,1.0,1.0,0.7324009340508278,0.893333333491376,0.893333333491376,0.9514296770095825,0.8909790014567168,0.0,0.16093239944054816,0.024214198372580764,0.060360145184790825,0.0
S0-SM_tank11,tank,11,55,0.465426997245179,0.9653679653679653,0.5981225124082267,0.8811292365588759,1.0,1.0,1.0,0.9204545454884117,0.9249134930697355,0.8836245371432583,0.40248536515571065,0.9361600191639717,0.5467397955098128,0.8811292365588759,0.9688717042993416,1.0,1.0,1.0,0.9204545454884118,0.9818181818181818,0.9818181818181818,0.9526890830560164,0.9190693763874787,0.0,0.061363636329770155,0.027775589986280935,0.03544483924422037,0.0
S0-SM_tank12,tank,11,55,0.6662265270960923,0.919144385026738,0.7165829381346623,0.8170831527077008,1.0,1.0,1.0,0.9253921288005622,0.9486526088281111,0.9191395651358912,0.500190388459409,0.862738664843928,0.584798489790625,0.8170831527077008,0.9573644678333075,1.0,1.0,1.0,0.9253921288005622,0.9748316613536728,0.9748316613536728,0.9621746171604503,0.9357941722295201,0.0,0.04943953255311062,0.013522008332339186,0.01665460709362887,0.0
S0-SM_tank13,tank,5,10,0.6217521367521368,0.8159259259259259,0.6689700980023561,0.6549045394440001,1.0,1.0,1.0,0.8745472243083434,0.9589767336845398,0.9365021344557221,0.3950326823225644,0.7208183307968528,0.46982582675206486,0.6549045394440001,0.887518181196478,1.0,1.0,1.0,0.8745472243083434,0.9524166683604319,0.9524166683604319,0.9648374736309051,0.9456536538503386,0.0,0.07786944405208851,0.005860739946365268,0.009151519394616559,0.0
S0-SM_tank14,tank,13,78,0.6423247851778277,0.8848443223443223,0.7100943777550166,0.7440280373507389,1.0,1.0,1.0,0.8677074270740854,0.9551107470805829,0.9260552996268399,0.48919285741793445,0.8258809189143437,0.5862319585593125,0.7440280373507389,0.8966171829318953,1.0,1.0,1.0,0.8677074270740854,0.9317995797518744,0.9317995797518744,0.9630934252188756,0.9404771252754066,0.0,0.064092152677789,0.007982678138292787,0.014421825648566755,0.0
S0-SM_tank15,tank,11,55,0.6354159776008912,0.8319291311282158,0.6844705213267385,0.6733829675432612,1.0,1.0,1.0,0.8504592235623399,0.9484868970784274,0.8729584217808337,0.44303261701991997,0.7459532321486819,0.5155122169937333,0.6733829675432611,0.8670373794880806,1.0,1.0,1.0,0.8504592235623399,0.9412400799985937,0.9412400799985937,0.957330922646956,0.9193270756071495,0.0,0.09078085643625378,0.00884402556852859,0.04636865382631583,-1.1102230246251565e-16
S0-SM_tank16,tank,8,28,0.4971125730994152,0.8189102564102564,0.5878102589648502,0.7550809825315051,1.0,1.0,1.0,0.8213541694683955,0.9000540971755981,0.8225214589094758,0.38130445917679096,0.7742723050758765,0.49383089192523905,0.7550809825315051,0.9185064958282801,1.0,1.0,1.0,0.8213541694683953,0.933333334586184,0.933333334586184,0.9295196554490498,0.8834928644312774,0.0,0.11197916511778849,0.029465558273451653,0.06097140552180158,0.0
S0-SM_tank17,tank,9,36,0.5599308099308099,0.9555555555555555,0.6518156713332153,0.8787316708189512,1.0,1.0,1.0,0.8703703705635335,0.9398493634329902,0.8588956221403757,0.4541039868661944,0.9378306878306878,0.5838593943420205,0.8787316708189512,0.9656166070901308,1.0,1.0,1.0,0.8703703705635335,0.969907407483293,0.969907407483293,0.9537490208943685,0.9201159490344035,0.0,0.09953703691975946,0.013899657461378334,0.06122032689402779,0.0
S0-SM_tank18,tank,8,28,0.6935968137254902,0.8708333333333333,0.7485889755683215,0.7887650860807377,1.0,1.0,1.0,0.8679687500931322,0.9190268591046333,0.8264312467163086,0.5457468682269474,0.8106494001802927,0.6172679677117586,0.7887650860807377,0.9475757395754705,1.0,1.0,1.0,0.8679687500931322,0.9626488095681582,0.9626488095681582,0.9526881660733905,0.8998812523923547,0.0,0.094680059475026,0.03366130696875713,0.07345000567604609,0.0
S0-SM_tank19,tank,16,120,0.5478036591870914,0.9129625582750582,0.6553233661936276,0.7842270565541327,0.9375,0.9375,1.0,0.7471354170081516,0.8797335214912891,0.7803857018470197,0.46238281564446393,0.8809527696506638,0.5917847750087705,0.7842270565541327,0.902510260666877,1.0,1.0,1.0,0.7471354170081516,0.9071180558742749,0.9071180558742749,0.9522282764315605,0.8888400245112955,0.0625,0.1599826388661233,0.07249475494027136,0.10845432266427579,0.0
S0-SM_tank2,tank,7,21,0.5822316114669938,0.9693877551020408,0.6860165590848261,0.7870152315760726,1.0,1.0,1.0,0.7372448981340443,0.9416094762938363,0.790047747047132,0.464496241553441,0.953249601275917,0.6050225457025318,0.7870152315760726,0.8779409789267395,1.0,1.0,1.0,0.7372448981340443,0.9238095238450028,0.9238095238450028,0.9481481767836071,0.8801728568884881,0.0,0.18656462571095855,0.006538700489770788,0.09012510984135613,0.0
S0-SM_tank20,tank,6,15,0.7960069444444445,0.9305555555555555,0.8307017543859648,0.7908856723632692,1.0,1.0,1.0,0.9270833333333334,0.9441938598950704,0.8902543005430843,0.6417757367011099,0.8736263736263736,0.6980870980870981,0.7908856723632692,0.9422222222884497,1.0,1.0,1.0,0.9270833333333334,0.9725,0.9725,0.9542577584584554,0.9174191539795739,0.0,0.04541666666666666,0.010063898563384965,0.027164853436489556,0.0
S0-SM_tank3,tank,8,28,0.26858205110861916,0.9392857142857143,0.4026014475557665,0.7034921450765347,1.0,1.0,1.0,0.7272222243469312,0.9518090710043907,0.8492509486389181,0.23811204100138442,0.9399419534713652,0.37299964501445915,0.7034921450765347,0.7997277966990541,1.0,1.0,1.0,0.7272222243469313,0.8304676882645471,0.8304676882645471,0.965321095926421,0.9154371334760876,0.0,0.10324546391761591,0.013512024922030297,0.06618618483716943,0.0
S0-SM_tank4,tank,7,21,0.33449464675513674,0.9821428571428571,0.48314170950827207,0.8407368968499498,1.0,1.0,1.0,0.902857144312667,0.9583743470055717,0.8880609122028587,0.3164259637478664,0.9837195484254307,0.4700128578714236,0.8407368968499498,0.8711839583466411,1.0,1.0,1.0,0.9028571443126671,0.9752678576253709,0.9752678576253709,0.9645577697526841,0.9444289058998915,0.0,0.07241071331270399,0.006183422747112477,0.056367993697032825,0.0
S0-SM_tank5,tank,11,55,0.2427602946611066,0.952020202020202,0.38369958176010266,0.7521508504016204,1.0,1.0,1.0,0.8599765525716875,0.9376972588625822,0.8942045952105314,0.2339979121882689,0.9369669516143992,0.3731150108401989,0.7521508504016204,0.8158190145697742,1.0,1.0,1.0,0.8599765525716875,0.9150517688375531,0.9150517688375531,0.9506879177960482,0.9122802049824335,0.0,0.055075216265865645,0.01299065893346607,0.018075609771902035,0.0
S0-SM_tank6,tank,6,15,0.24793357147466566,0.9184562713974479,0.386483054532715,0.718617636752498,1.0,1.0,1.0,0.8396577394912365,0.959875742594401,0.9179121471820224,0.23042054660502162,0.9122378770642529,0.3666007435852883,0.718617636752498,0.8162285625960611,1.0,1.0,1.0,0.8396577394912365,0.9159556892803973,0.9159556892803973,0.9682214419047038,0.9386997185733056,0.0,0.07629794978916082,0.008345699310302823,0.020787571391283177,0.0
S0-SM_tank7,tank,18,153,0.48817635586835845,0.9010845884247419,0.5777277818944486,0.7351655901943521,1.0,1.0,1.0,0.863518518893807,0.9072599245442284,0.8189775789378094,0.3432881119459747,0.8701072985799507,0.46093452470282287,0.7351655901943522,0.8720102042525827,1.0,1.0,1.0,0.8635185188938069,0.9613943355561341,0.9613943355561341,0.9513022537324943,0.9019810843210366,0.0,0.09787581666232703,0.044042329188265894,0.0830035053832272,1.1102230246251565e-16
S0-SM_tank8,tank,9,36,0.5152835704815903,0.849537140261778,0.5956674080081936,0.6358208060686104,1.0,1.0,1.0,0.6529880186086339,0.8997605840365092,0.7979817604478749,0.3549898144278949,0.8049235326970247,0.4665150024387932,0.6358208060686104,0.8139674107063463,1.0,1.0,1.0,0.6529880186086339,0.8373333339475924,0.8373333339475924,0.9429850147830116,0.888255571632596,0.0,0.18434531533895848,0.043224430746502396,0.09027381118472111,0.0
S0-SM_tank9,tank,9,36,0.6060090702947846,0.9629629629629629,0.7122235232890971,0.8737235439450354,1.0,1.0,1.0,0.8722222240434753,0.948900838692983,0.8821632036551065,0.5237291496954941,0.9465167548500882,0.6554989511136845,0.8737235439450354,0.9493336636895309,1.0,1.0,1.0,0.8722222240434753,0.965277778233091,0.965277778233091,0.9563038994868597,0.9171447459636687,0.0,0.09305555418961575,0.007403060793876648,0.03498154230856221,0.0
S0-SM_tent_1,tent,16,120,0.5273256701309027,0.9479166666666666,0.63279112866856,0.8309388519928016,1.0,1.0,1.0,1.0,0.9722095616161823,0.9554587744982204,0.43333350560277684,0.9252335909775925,0.5650098093283857,0.8309388519928016,0.9255342523148713,1.0,1.0,1.0,1.0,1.0,1.0,0.9754858439167341,0.9611228037299497,0.0,0.0,0.0032762823005517694,0.005664029231729373,0.0
S0-SM_tent_10,tent,16,120,0.6496968831984712,0.9422799422799423,0.7399298728088382,0.8168031000511924,1.0,1.0,1.0,0.9316602724121628,0.975184615701437,0.9631696352846224,0.5723737482086404,0.9362583926955925,0.6835389753219411,0.8168031000511924,0.90443460657411,1.0,1.0,1.0,0.9316602724121628,0.9881779975351381,0.9881779975351381,0.9783505782485008,0.9671045712238546,0.0,0.05651772512297537,0.0031659625470638053,0.00393493593923222,0.0
S0-SM_tent_11,tent,10,45,0.5640012999126777,0.951659004909779,0.6987646285531637,0.8840523181326636,1.0,1.0,1.0,0.9766125000834466,0.9746543586254119,0.9585304570346412,0.544640958755289,0.945487814784241,0.6863385470591713,0.8840523181326637,0.9287024027026491,1.0,1.0,1.0,0.9766125000834466,0.9955305556297303,0.9955305556297303,0.9776915550231934,0.9649203452415734,0.0,0.018918055546283674,0.0030371963977814387,0.006389888206932204,1.1102230246251565e-16
S0-SM_tent_12,tent,10,45,0.5752629602565664,0.9412698412698413,0.6948439124236939,0.8336125715849219,1.0,1.0,1.0,0.9391888923780785,0.9764006197452545,0.964419974116257,0.5428640434040283,0.9578200199576189,0.6798549053288947,0.8336125715849217,0.8775052109441712,1.0,1.0,1.0,0.9391888923780785,0.9838962970702737,0.9838962970702737,0.9784198800722758,0.9674426326934992,0.0,0.04470740469219525,0.002019260327021266,0.0030226585772421544,-1.1102230246251565e-16
S0-SM_tent_13,tent,9,36,0.6102821869488536,0.9712418300653596,0.7279686738020072,0.8882118504855757,1.0,1.0,1.0,0.9519074086039154,0.9788562258084615,0.9664563875563587,0.5426218548880406,0.972069862587419,0.685990675680392,0.8882118504855757,0.9514900404444427,1.0,1.0,1.0,0.9519074086039154,0.9899861116177505,0.9899861116177505,0.9822538362609016,0.9719674468770536,0.0,0.03807870301383509,0.0033976104524400252,0.005511059320694955,0.0
S0-SM_tent_14,tent,9,36,0.705125811008164,0.9656084656084656,0.7951531405002038,0.9143325288270443,1.0,1.0,1.0,0.9655648149351279,0.9771179689301385,0.9643163002441987,0.6577346879037259,0.9655455412034359,0.7725580561429358,0.9143325288270443,0.9638259876391384,1.0,1.0,1.0,0.9655648149351279,0.9969027778241369,0.9969027778241369,0.9817556606398689,0.9707748806446601,0.0,0.03133796288900903,0.004637691709730385,0.006458580400461433,0.0
S0-SM_tent_15,tent,15,105,0.7271654749813143,0.9939393939393939,0.8283363413753219,0.9525459410998107,1.0,1.0,1.0,0.9650367432897741,0.9616425514221192,0.9426536238448854,0.6995327052718245,0.9932393542212207,0.814732298672209,0.9525459410998108,0.9738373579467766,1.0,1.0,1.0,0.9650367432897742,0.9932671538884505,0.9932671538884505,0.9790329269000462,0.9658890621953211,0.0,0.02823041059867648,0.01739037547792699,0.023235438350435733,1.1102230246251565e-16
S0-SM_tent_16,tent,10,45,0.6023259537733222,0.9857142857142858,0.7290660558953241,0.91125723844465,1.0,1.0,1.0,0.9426000011454025,0.9676093876361846,0.937808735909109,0.5660483803139462,0.9818806235999219,0.7095761036386403,0.9112572384446499,0.9493616280882964,1.0,1.0,1.0,0.9426000011454025,0.9894370376759105,0.9894370376759105,0.9800984687275357,0.9702142311926225,0.0,0.04683703653050797,0.01248908109135105,0.03240549528351355,-1.1102230246251565e-16
S0-SM_tent_17,tent,12,66,0.6189250564250565,0.9861111111111112,0.7447257347915243,0.9281507858852981,1.0,1.0,1.0,0.9572264966788805,0.9801822304725647,0.9656200388575895,0.6112160680257256,0.9867924942457028,0.7462142053226876,0.9281507858852982,0.9549892616708682,1.0,1.0,1.0,0.9572264966788805,0.9881804912114509,0.9881804912114509,0.9828732013702393,0.9714208021041255,0.0,0.030953994532570417,0.0026909708976745605,0.005800763246536,1.1102230246251565e-16
S0-SM_tent_18,tent,11,55,0.7066515093834322,0.9233100233100232,0.7867537353661755,0.8507142361475974,1.0,1.0,1.0,0.9460467178777914,0.9736216339198026,0.9596159926580822,0.6656431584361019,0.9172214878419617,0.7610316085991234,0.8507142361475974,0.934769133709797,1.0,1.0,1.0,0.9460467178777915,0.9893416670047875,0.9893416670047875,0.9765820373188365,0.9641169530527766,0.0,0.04329494912699616,0.0029604033990339174,0.004500960394694387,0.0
S0-SM_tent_2,tent,16,120,0.5985916911927941,0.9672348484848485,0.7223895791441555,0.854918073765516,1.0,1.0,1.0,0.9380486128954216,0.9767119884490967,0.9605244321362869,0.5445615595693802,0.9607699294446886,0.6878336370163327,0.854918073765516,0.9034184121117774,1.0,1.0,1.0,0.9380486128954216,0.9830537039503455,0.9830537039503455,0.9795740510026614,0.9674068579438424,0.0,0.045005091054923896,0.0028620625535646926,0.006882425807555492,0.0
S0-SM_tent_3,tent,7,21,0.6364642270172224,0.9910714285714286,0.7602719821003925,0.885308217673319,1.0,1.0,1.0,0.994714285833495,0.976629478590829,0.9574002119392497,0.5785930157126148,0.9878631052390878,0.7260603824935465,0.885308217673319,0.9349396389306841,1.0,1.0,1.0,0.994714285833495,0.9994285714683079,0.9994285714683079,0.9812776134127662,0.967160152454724,0.0,0.004714285634812909,0.0046481348219371554,0.009759940515474241,0.0
S0-SM_tent_4,tent,11,55,0.4485649562855445,0.9225490196078432,0.5570039898916904,0.8504889976747456,1.0,1.0,1.0,0.9793771052099639,0.9778786301612854,0.9592385022521651,0.34418181261711955,0.8988006502885867,0.48070811654407,0.8504889976747456,0.9322579749889942,1.0,1.0,1.0,0.9793771052099639,0.9977272727814587,0.9977272727814587,0.9814070864157243,0.9668475457030553,0.0,0.01835016757149477,0.003528456254438872,0.007609043450890196,0.0
S0-SM_tent_5,tent,13,78,0.33756687170478383,0.9338778114796215,0.4723419266627811,0.7508938747408922,1.0,1.0,1.0,0.877136755696474,0.9639000067344079,0.9433582413509539,0.27467692218679124,0.923354408982954,0.42044705881800415,0.7508938747408923,0.8307049019007834,1.0,1.0,1.0,0.877136755696474,0.9687203241773975,0.9687203241773975,0.9771837401084411,0.9614799053085534,0.0,0.09158356848092353,0.013283733374033213,0.01812166395759951,1.1102230246251565e-16
S0-SM_tent_6,tent,6,15,0.3476160935838355,1.0,0.4783568889825096,0.8650403943439051,1.0,1.0,1.0,0.9171296317800485,0.9719146688779196,0.9508093439702675,0.27799336946490705,1.0,0.4255449185124992,0.8650403943439051,0.9235042053152421,1.0,1.0,1.0,0.9171296317800485,0.9828042334302391,0.9828042334302391,0.9747923930486043,0.9574897149799428,0.0,0.06567460165019068,0.00287772417068477,0.006680371009675334,0.0
S0-SM_tent_7,tent,11,55,0.5589222030025413,0.9157155975337794,0.6548180463041144,0.818564382642045,1.0,1.0,1.0,0.9492424253995221,0.975675945932215,0.9616591759630725,0.46357093019253276,0.8939947352894159,0.5832306225136905,0.8185643826420451,0.9326980644140113,1.0,1.0,1.0,0.949242425399522,1.0,1.0,0.9789423248984597,0.9679412674822788,0.0,0.05075757460047792,0.0032663789662447096,0.006282091519206334,1.1102230246251565e-16
S0-SM_tent_8,tent,11,55,0.5491596638655462,0.8881099960645416,0.6593127853421645,0.7627177979448789,1.0,1.0,1.0,0.9338541672762596,0.9757320068099282,0.9620684480510484,0.46873510557599624,0.8611322535880471,0.5926361346858344,0.7627177979448789,0.8885288032878913,1.0,1.0,1.0,0.9338541672762596,0.9912247478073896,0.9912247478073896,0.9788668274879455,0.9671730212191259,0.0,0.05737058053112998,0.0031348206780172916,0.005104573168077442,0.0
S0-SM_tent_9,tent,12,66,0.6802021235844765,0.9803240740740741,0.7824253717081374,0.903769442651992,1.0,1.0,1.0,1.0,0.9779481391112009,0.9654406183357503,0.6677385402617763,0.9791083286052326,0.7830230287358354,0.903769442651992,0.9469026022855354,1.0,1.0,1.0,1.0,1.0,1.0,0.9813728350581545,0.9709283202303627,0.0,0.0,0.0034246959469536042,0.00548770189461234,0.0
S0-SM_tower_1,tower,8,28,0.42561358639565666,0.9034090909090909,0.5338815945958802,0.7620847115978916,1.0,1.0,1.0,0.9284821450182547,0.9754347875714302,0.9596677512883085,0.3006699399863026,0.8655727763133225,0.422671671119474,0.7620847115978916,0.8964269324590906,1.0,1.0,1.0,0.9284821450182548,0.9917091837019792,0.9917091837019792,0.9788827640669686,0.9667426154170968,0.0,0.06322703868372459,0.0034479764955384073,0.007074864128788327,0.0
S0-SM_tower_10,tower,15,105,0.5336047532083338,0.9317989417989417,0.6532367844300037,0.7725949758675308,1.0,1.0,1.0,0.9136931829278668,0.9684702277183532,0.928096748749873,0.4553427309512478,0.9080839259771535,0.593401872327973,0.7725949758675308,0.8760985209955943,1.0,1.0,1.0,0.9136931829278667,0.9855844157455222,0.9855844157455222,0.974094253494626,0.9555134778114345,0.0,0.07189123281765541,0.005624025776272745,0.02741672906156145,0.0
S0-SM_tower_11,tower,11,55,0.4326609692989003,0.958133971291866,0.5657934396962611,0.7916409352145287,1.0,1.0,1.0,0.9566115703095089,0.9744918454777111,0.960904376337233,0.35966955824817765,0.9503406123959482,0.5060598788475322,0.7916409352145286,0.9005740235371416,1.0,1.0,1.0,0.9566115703095089,1.0,1.0,0.9788506106896834,0.967126789927873,0.0,0.04338842969049106,0.004358765211972315,0.006222413590640019,-1.1102230246251565e-16
S0-SM_tower_12,tower,12,66,0.4838310665052527,0.8884920634920634,0.6215642408795449,0.799346856264894,1.0,1.0,1.0,0.9615476209971877,0.9716245929400126,0.9467377407971554,0.4312593132594465,0.8396799589313063,0.5658770059679953,0.799346856264894,0.919542764850052,1.0,1.0,1.0,0.9615476209971876,0.9966161618201118,0.9966161618201118,0.9755319239515247,0.9552573725475151,0.0,0.0350685408229241,0.003907331011512083,0.008519631750359635,0.0
S0-SM_tower_13,tower,14,91,0.5701889611751254,0.9444900337757481,0.6696192150178718,0.7892666543973869,1.0,1.0,1.0,0.925658123386469,0.9716510943004063,0.9575480162628887,0.4334774765717263,0.9261696062912027,0.5664903228371586,0.7892666543973869,0.9085569432240723,1.0,1.0,1.0,0.9256581233864689,0.9840771266944194,0.9840771266944194,0.9765789331970635,0.9638741800801728,0.0,0.05841900330795036,0.004927838896657155,0.006326163817284125,0.0
S0-SM_tower_2,tower,11,55,0.6396814492954925,0.9556277056277057,0.741969856452615,0.7842040082947793,1.0,1.0,1.0,0.9221450226581716,0.9755179286003113,0.9591682131516631,0.5433135040082733,0.9484619953101281,0.677209479169857,0.7842040082947792,0.8787223768214708,1.0,1.0,1.0,0.9221450226581716,0.9918939394029704,0.9918939394029704,0.9786979274316268,0.9654866798560675,0.0,0.06974891674479888,0.003179998831315478,0.006318466704404391,-1.1102230246251565e-16
S0-SM_tower_3,tower,14,91,0.3529806927888474,0.8918367346938776,0.4888510284140913,0.6484720554354592,1.0,1.0,1.0,0.8894903890484992,0.9104276693293026,0.896043653429495,0.32708914653438825,0.8864267651352844,0.46717720279277053,0.6484720554354592,0.7258848274200171,1.0,1.0,1.0,0.8894903890484991,0.9816283720252398,0.9816283720252398,0.9777075746557214,0.9646111860105074,0.0,0.09213798297674058,0.06727990532641881,0.06856753258101245,0.0
S0-SM_tower_4,tower,16,120,0.4137339247439867,0.8422181372549019,0.5014531843726865,0.7029593781860386,1.0,1.0,1.0,0.8738012958095512,0.9715767949819565,0.9499700345661028,0.25288022008417455,0.7668507643055507,0.359457961095928,0.7029593781860386,0.8845428460899748,1.0,1.0,1.0,0.8738012958095512,0.970191498718052,0.970191498718052,0.9752742931246757,0.9586520058758885,0.0,0.09639020290850076,0.0036974981427192466,0.008681971309785652,0.0
S0-SM_tower_5,tower,14,91,0.5176550235929784,0.8772272502381567,0.6231047068713317,0.7536465929341781,1.0,1.0,1.0,0.9048948085600775,0.9715291133948735,0.9485473619832582,0.4132208397940602,0.8514029232759202,0.5389283920321323,0.753646592934178,0.8748093087836207,1.0,1.0,1.0,0.9048948085600776,0.9867343279809415,0.9867343279809415,0.97448892056287,0.9582129175025025,0.0,0.08183951942086398,0.0029598071679964866,0.009665555519244307,-1.1102230246251565e-16
S0-SM_tower_6,tower,16,120,0.41851538189449683,0.8985956842864737,0.5437501519385612,0.7214617460916191,1.0,1.0,1.0,0.8057560366522656,0.9728467613458633,0.9536088032162584,0.3428156440927251,0.8729111423377247,0.48103763620527135,0.7214617460916191,0.8305500125829983,1.0,1.0,1.0,0.8057560366522656,0.9404783956527446,0.9404783956527446,0.9800647214055062,0.9645126698375761,0.0,0.13472235900047902,0.007217960059642814,0.010903866621317704,0.0
S0-SM_tower_7,tower,12,66,0.2480923142063358,0.7541198197090645,0.36484496714316195,0.5445708483357974,1.0,1.0,1.0,0.7336188318741358,0.9745630969603857,0.9556673905706248,0.20622187075050025,0.7274430055368223,0.31812139966913444,0.5445708483357974,0.6644131088986769,1.0,1.0,1.0,0.7336188318741359,0.8766806984084892,0.8766806984084892,0.979240992755601,0.9632078866972404,0.0,0.14306186653435338,0.00467789579521527,0.00754049612661567,0.0
S0-SM_tower_8,tower,13,78,0.3498444274661041,0.9136812794255043,0.4826105964615778,0.7304825634063495,1.0,1.0,1.0,0.9092092701338996,0.9753843866861783,0.9579417957691958,0.29147829525201036,0.8942872968510566,0.42950263667739164,0.7304825634063495,0.8557843546333408,1.0,1.0,1.0,0.9092092701338995,0.9883566916347123,0.9883566916347123,0.9787767651753548,0.9657082058550903,0.0,0.07914742150081266,0.0033923784891765063,0.007766410085894515,0.0
S0-SM_tower_9,tower,9,36,0.25078847213883715,0.8394866781963556,0.37007375340708676,0.7549245346267361,1.0,1.0,1.0,0.9298353930099756,0.9737734331025018,0.9588494544934344,0.19292479747819233,0.7345929533429534,0.29963466883630885,0.7549245346267361,0.9414937927734655,1.0,1.0,1.0,0.9298353930099756,0.9907407407959303,0.9907407407959303,0.9773177703221639,0.9642988561111778,0.0,0.06090534778595469,0.003544337219662186,0.005449401617743432,0.0
S0-SM_tree1,tree,14,91,0.6423458601199465,0.9427721088435375,0.7504925890246669,0.8280183058845783,1.0,1.0,1.0,0.9901785714285715,0.9652519864695412,0.9437013293055294,0.5871777398980141,0.9198814490212747,0.706492232693591,0.8280183058845783,0.9111973261350419,1.0,1.0,1.0,0.9901785714285715,0.9995879120879122,0.9995879120879122,0.9731692167428824,0.9567207784757298,0.0,0.009409340659340737,0.007917230273341125,0.01301944917020037,0.0
S0-SM_tree10,tree,12,66,0.39557926694037254,0.9240266106442577,0.5121640810845612,0.7914361254387278,1.0,1.0,1.0,0.8630411003664005,0.9657306969165802,0.9257422475375104,0.31941668415588836,0.9056031130203988,0.4570644835526103,0.7914361254387277,0.8787787723167504,1.0,1.0,1.0,0.8630411003664005,0.9193268291231665,0.9193268291231665,0.9703081972671278,0.9420129296414422,0.0,0.056285728756766074,0.004577500350547603,0.01627068210393179,-1.1102230246251565e-16
S0-SM_tree11,tree,12,66,0.395307916776084,0.9012820512820513,0.5131138989508677,0.7481013133560336,1.0,1.0,1.0,0.9026143798138947,0.9729540447394053,0.9518457061819579,0.2889310495659807,0.8526562546575335,0.4123144344284833,0.7481013133560336,0.878424074216384,1.0,1.0,1.0,0.9026143798138947,0.9896167557940564,0.9896167557940564,0.97718085213141,0.9623251248599898,0.0,0.0870023759801617,0.004226807392004761,0.010479418678031927,0.0
S0-SM_tree12,tree,12,66,0.18853587474535297,0.8140682040087812,0.302357760560044,0.6494819490173754,1.0,1.0,1.0,0.7849660884419237,0.96721384425958,0.9414350550711891,0.178150495273458,0.7918608160807455,0.2893663799694674,0.6494819490173754,0.7559479215519133,1.0,1.0,1.0,0.7849660884419237,0.8410133416338004,0.8410133416338004,0.9730682102116671,0.954876343937769,0.0,0.056047253191876645,0.005854365952087104,0.013441288866579915,0.0
S0-SM_tree13,tree,10,45,0.2925580716777286,0.8519047619047619,0.42098323615575994,0.6710341448057214,1.0,1.0,1.0,0.8394813882556782,0.9713339269161224,0.9528303264530716,0.2430900598975241,0.8167336605095965,0.3680435604908583,0.6710341448057214,0.8080331245863651,1.0,1.0,1.0,0.8394813882556783,0.8927044135823047,0.8927044135823047,0.9742066502571106,0.9567903916068736,0.0,0.05322302532662648,0.0028727233409882036,0.003960065153801984,0.0
S0-SM_tree14,tree,8,28,0.2921902323073431,0.920940170940171,0.42427222459771224,0.7668063865322385,1.0,1.0,1.0,0.8389988689880373,0.9670522660017014,0.9447078790133441,0.25401058319676945,0.9004904559512854,0.3887049431620738,0.7668063865322386,0.8565321182382617,1.0,1.0,1.0,0.8389988689880373,0.8801441971185245,0.8801441971185245,0.9705800648246493,0.9544810256482611,0.0,0.04114532813048721,0.0035277988229479584,0.009773146634917018,1.1102230246251565e-16
S0-SM_tree15,tree,8,28,0.32648329792549957,0.8807659932659933,0.44353536078340816,0.6982211029914632,1.0,1.0,1.0,0.8323639288578606,0.9661635905504227,0.9323425051330427,0.24931837482388813,0.8497326109548856,0.3737542951108557,0.6982211029914632,0.8157589722396648,1.0,1.0,1.0,0.8323639288578607,0.9171293342197148,0.9171293342197148,0.9715393249477658,0.945631029681277,0.0,0.08476540536185417,0.005375734397343179,0.01328852454823426,0.0
S0-SM_tree16,tree,11,55,0.22864071738072173,0.8438445838178459,0.3526484084312335,0.6885044441760103,1.0,1.0,1.0,0.8423652723693777,0.9666155793450095,0.9278849571337308,0.20990992513242915,0.8278621817195309,0.33254582405528754,0.6885044441760104,0.7823835201501472,1.0,1.0,1.0,0.8423652723693777,0.8744803403736241,0.8744803403736241,0.9701063242825595,0.9389707828768759,0.0,0.03211506800424635,0.003490744937549972,0.011085825743145095,1.1102230246251565e-16
S0-SM_tree17,tree,13,78,0.32010217990170137,0.8783013994552457,0.4499194705558457,0.6756559379724266,1.0,1.0,1.0,0.7619625478955984,0.9649636286955613,0.9371567886130955,0.28568245478427157,0.8737137138518537,0.42203301151560724,0.6756559379724267,0.7785262191390837,1.0,1.0,1.0,0.7619625478955984,0.8358998154169489,0.8358998154169489,0.969213991593092,0.9459410807081784,0.0,0.07393726752135055,0.004250362897530668,0.008784292095082913,1.1102230246251565e-16
S0-SM_tree18,tree,8,28,0.2564570749691552,0.7862631176872663,0.37231745022582685,0.563156705111785,1.0,1.0,1.0,0.7672385426287929,0.9645874574780464,0.9283113783705126,0.21469889147275115,0.7449779466118472,0.3277019821946667,0.563156705111785,0.6985089941452767,1.0,1.0,1.0,0.7672385426287928,0.8109412533515936,0.8109412533515936,0.9678265218223844,0.9452111119610881,0.0,0.04370271072280074,0.0032390643443379608,0.016899733590575505,0.0
S0-SM_tree19,tree,8,28,0.23612264987198242,0.8830985191279309,0.3684114305382962,0.6947394971958363,1.0,1.0,1.0,0.7411592119991754,0.9700594395399094,0.9558126502786526,0.2290786444144152,0.8800763218077247,0.3614468751801071,0.6947394971958364,0.8070808620256622,1.0,1.0,1.0,0.7411592119991754,0.8361800716673086,0.8361800716673086,0.9734613533530917,0.9617728091366909,0.0,0.09502085966813312,0.0034019138131823334,0.005960158858038356,1.1102230246251565e-16
S0-SM_tree2,tree,8,28,0.3288498294498116,0.9216589861751152,0.45313239592651355,0.7999892564543757,1.0,1.0,1.0,0.8914105706621885,0.9649912118911743,0.9321442775653055,0.2715738182042594,0.8886438266332025,0.40478108832292187,0.7999892564543758,0.8886318246102188,1.0,1.0,1.0,0.8914105706621884,0.9288725941283987,0.9288725941283987,0.9706168323755264,0.9463144271718125,0.0,0.03746202346621019,0.005625620484352112,0.014170149606506977,1.1102230246251565e-16
S0-SM_tree20,tree,13,78,0.2601888511986864,0.8423187923187924,0.38654969204694706,0.6984545599436617,1.0,1.0,1.0,0.8029502358998507,0.9660270718427805,0.9322142842821406,0.22584813613746638,0.804016412771052,0.34900059729071786,0.6984545599436617,0.8225466052990162,1.0,1.0,1.0,0.8029502358998507,0.8758122408353003,0.8758122408353003,0.9701018318151816,0.9488584058477206,0.0,0.07286200493544959,0.004074759972401143,0.01664412156558004,0.0
S0-SM_tree21,tree,16,120,0.30309401361586835,0.828634171144947,0.42476965323166305,0.6453010939312225,1.0,1.0,1.0,0.7520768276314188,0.9677518866956234,0.944057551392991,0.25218462462979113,0.8027791393768955,0.3753688782092306,0.6453010939312225,0.7710723836492092,1.0,1.0,1.0,0.7520768276314188,0.8383677909084525,0.8383677909084525,0.9724171583851179,0.9550307753828683,0.0,0.08629096327703367,0.004665271689494488,0.010973223989877323,0.0
S0-SM_tree22,tree,13,78,0.2651813764371766,0.912438146648673,0.40298174911940726,0.7036329108647078,1.0,1.0,1.0,0.762200598894675,0.9660722246536841,0.9290475313401819,0.25193243018748923,0.9073972521506943,0.3912121167528813,0.7036329108647079,0.7828236531616464,1.0,1.0,1.0,0.7622005988946751,0.8332358608458262,0.8332358608458262,0.9696892637472886,0.9515394463357552,0.0,0.07103526195115129,0.003617039093604446,0.022491914995573237,1.1102230246251565e-16
S0-SM_tree23,tree,13,78,0.5124552978695351,0.89727009832273,0.6211080362848821,0.7294791827987722,1.0,1.0,1.0,0.9033764500933631,0.9734832965410672,0.9532487486173592,0.40501895727432563,0.8581365645759444,0.5335860777263464,0.7294791827987722,0.8509241895662066,1.0,1.0,1.0,0.9033764500933631,0.9722902042014369,0.9722902042014369,0.976826359064151,0.9619302163532109,0.0,0.06891375410807377,0.0033430625230838062,0.008681467735851656,0.0
S0-SM_tree24,tree,9,36,0.4221178101666962,0.8814194577352472,0.559857832272387,0.6905163516822058,1.0,1.0,1.0,0.9196277006063611,0.9737247361077203,0.9461719757103109,0.3566757099239605,0.8300042586302505,0.4936150469957059,0.6905163516822058,0.8265700546995371,1.0,1.0,1.0,0.9196277006063611,0.9903139467247658,0.9903139467247658,0.975924520028962,0.9554095132285371,0.0,0.07068624611840468,0.0021997839212417603,0.009237537518226202,0.0
S0-SM_tree25,tree,15,105,0.36599969802895754,0.8097427955964541,0.4932586278393251,0.658492284075057,1.0,1.0,1.0,0.9093184565671305,0.9731043656667073,0.9543923891280914,0.3451234855013668,0.8048819868445973,0.4780447668039237,0.658492284075057,0.7510300893228686,1.0,1.0,1.0,0.9093184565671306,0.9752303628321521,0.9752303628321521,0.9769537471589588,0.9632119195574017,0.0,0.06591190626502164,0.003849381492251447,0.008819530429310274,0.0
S0-SM_tree26,tree,13,78,0.40081421893511027,0.9111427034503958,0.5337966408179866,0.6878072265400337,1.0,1.0,1.0,0.83249851328759,0.9746549633833078,0.9513536210397547,0.3520254277526729,0.8891728331488233,0.49774807672966703,0.6878072265400338,0.7678919275632395,1.0,1.0,1.0,0.8324985132875901,0.9013527476905844,0.9013527476905844,0.9780134573960916,0.9629087778389587,0.0,0.06885423440299443,0.0033584940127837637,0.011555156799203936,1.1102230246251565e-16
S0-SM_tree27,tree,9,36,0.37237253487253485,0.9135327635327636,0.5062248521140851,0.7757046656374964,1.0,1.0,1.0,0.9177336881328144,0.9752659731441073,0.9536840122286555,0.3340873007195702,0.8824174397162574,0.4735936226682159,0.7757046656374964,0.8747172684258016,1.0,1.0,1.0,0.9177336881328144,0.9670304238796233,0.9670304238796233,0.9779268089267943,0.962377526822328,0.0,0.04929673574680893,0.0026608357826869433,0.008693514593672513,0.0
S0-SM_tree28,tree,10,45,0.4329613582988512,0.8517948717948718,0.54054999722377,0.6813458384380938,1.0,1.0,1.0,0.897165566988616,0.9728352904319764,0.9496966426123177,0.3175542101659078,0.8060775796694253,0.4428018250276463,0.6813458384380938,0.8393316154039872,1.0,1.0,1.0,0.8971655669886159,0.9540376711880398,0.9540376711880398,0.9761801375283136,0.9556932443303938,0.0,0.05687210419942379,0.0033448470963372,0.005996601718076144,0.0
S0-SM_tree29,tree,7,21,0.30509833224772354,0.9090225563909774,0.45203824247616936,0.7359005504765407,1.0,1.0,1.0,0.8704430287422698,0.9697210192680359,0.9488315843567001,0.28275149658473225,0.8771278889313114,0.42528729885546823,0.7359005504765407,0.8562784090194813,1.0,1.0,1.0,0.8704430287422698,0.9367606895830691,0.9367606895830691,0.97121452717554,0.9581166896480744,0.0,0.06631766084079938,0.0014935079075041324,0.009285105291374274,0.0
S0-SM_tree3,tree,11,55,0.4053088130070369,0.8639705882352942,0.5094522231009109,0.7496033023627094,1.0,1.0,1.0,0.9094247862586269,0.9698071533983404,0.9462723210060499,0.288534529720057,0.8198221245700233,0.4060789516513922,0.7496033023627094,0.8867664678897497,1.0,1.0,1.0,0.9094247862586268,0.9702020558455225,0.9702020558455225,0.9761205163868991,0.9582332134547523,0.0,0.060777269586895666,0.006313362988558668,0.011960892448702465,0.0
S0-SM_tree30,tree,13,78,0.3643863765989045,0.8360047674934349,0.47206208419043855,0.665596693229105,1.0,1.0,1.0,0.8463215056405193,0.9666779270538917,0.9403789285342575,0.2521266342870639,0.7687603000191106,0.37246871490492584,0.6655966932291049,0.806883517205825,1.0,1.0,1.0,0.8463215056405193,0.9203806867315186,0.9203806867315186,0.9727242413239602,0.9556382032104815,0.0,0.0740591810909993,0.00604631427006852,0.01525927467622401,-1.1102230246251565e-16
S0-SM_tree4,tree,8,28,0.3773407917383821,0.9353571428571429,0.5092108718487395,0.8303089343632261,1.0,1.0,1.0,0.9171933003299726,0.9685870409011841,0.945829176220367,0.3054751021912943,0.8984132308766181,0.4466065929157907,0.8303089343632262,0.9492694954024185,1.0,1.0,1.0,0.9171933003299726,0.9865842491055705,0.9865842491055705,0.974538483789989,0.9584184059829902,0.0,0.06939094877559793,0.005951442888804892,0.012589229762623222,1.1102230246251565e-16
S0-SM_tree5,tree,10,45,0.41090375485614644,0.93125,0.5609131594121453,0.8008873898675732,0.9,0.9,1.0,0.7115251463934283,0.8594205796718597,0.826711006882617,0.37849429926052364,0.9078700524677535,0.5304025771856373,0.8008873898675732,0.9009455801395998,1.0,1.0,1.0,0.7115251463934283,0.8416432212708557,0.8416432212708557,0.9594416737556457,0.9310884981028945,0.09999999999999998,0.13011807487742733,0.10002109408378601,0.10437749122027751,0.0
S0-SM_tree6,tree,9,36,0.5669460418116332,1.0,0.6779119105757078,0.9179930112823104,1.0,1.0,1.0,0.8952054737738356,0.9610489275720384,0.9172261688514349,0.4777886811563126,1.0,0.6254704195815243,0.9179930112823104,0.9583209819816412,1.0,1.0,1.0,0.8952054737738356,0.9461877353402605,0.9461877353402605,0.9645045730802748,0.9326279969870455,0.0,0.050982261566424825,0.0034556455082364046,0.015401828135610529,0.0
S0-SM_tree7,tree,15,105,0.34316550723063605,0.8974745616702138,0.45503653154893325,0.7294604970902756,1.0,1.0,1.0,0.8616459538944006,0.9659783085187276,0.933372630798474,0.26654355627480036,0.8787915624065088,0.39158517482708566,0.7294604970902756,0.8460397417645458,1.0,1.0,1.0,0.8616459538944006,0.9426672957186125,0.9426672957186125,0.9693594756580535,0.9476328197593816,0.0,0.08102134182421195,0.0033811671393259024,0.014260188960907638,0.0
S0-SM_tree8,tree,9,36,0.3068809126725905,0.9027777777777778,0.44927395823381366,0.774072625677367,1.0,1.0,1.0,0.9071001671271931,0.9647908674346076,0.9346849037036742,0.2849765527872145,0.8866967560029879,0.4258744516308261,0.774072625677367,0.8619029651705524,1.0,1.0,1.0,0.9071001671271931,0.9513267833484608,0.9513267833484608,0.9683245354228549,0.9465300732635088,0.0,0.04422661622126767,0.00353366798824728,0.011845169559834612,0.0
S0-SM_tree9,tree,9,36,0.26802181059797775,0.9418158190088014,0.4008757457313963,0.7915391288767347,1.0,1.0,1.0,0.9003621307597651,0.9654632409413656,0.934478986558354,0.2312235763811453,0.9288669432260332,0.3628843706483562,0.7915391288767347,0.9017024686995472,1.0,1.0,1.0,0.9003621307597651,0.9633713958048852,0.9633713958048852,0.9684239559703403,0.9480338303929545,0.0,0.06300926504512006,0.0029607150289746587,0.013554843834600483,0.0
S0-SM_whitevann10,whitevan,8,28,0.6636957813428401,0.9583333333333334,0.7512806637806638,0.8154963232737683,0.875,0.875,1.0,0.840234375,0.8459911420941353,0.8248986639170335,0.5798287706074794,0.9682844932844933,0.7030475927755113,0.8154963232737682,0.9008892435920234,1.0,1.0,1.0,0.840234375,0.9895089285714286,0.9895089285714286,0.9693578694547925,0.9498241083026473,0.125,0.1492745535714286,0.12336672736065724,0.12492544438561382,-1.1102230246251565e-16
S0-SM_whitevann11,whitevan,10,45,0.41600997957940455,0.923913043478261,0.536548857851375,0.8058139154017818,1.0,1.0,1.0,0.923761487861826,0.9593173861503601,0.9307541124488192,0.3233870254288028,0.914553860358458,0.45719619037335907,0.8058139154017818,0.8928361862444458,1.0,1.0,1.0,0.923761487861826,0.9766666666666667,0.9766666666666667,0.9662950992584228,0.9468757842395495,0.0,0.05290517880484069,0.006977713108062722,0.01612167179073032,0.0
S0-SM_whitevann12,whitevan,4,6,0.43498995983935745,0.9821428571428572,0.5354977042363337,0.8782676068360352,1.0,1.0,1.0,0.9729456032453864,0.9681132137775421,0.9508396943761932,0.34800632980703944,0.9717836257309941,0.4881844818407199,0.8782676068360352,0.9721296310066072,1.0,1.0,1.0,0.9729456032453864,0.989236111442248,0.989236111442248,0.9776449799537659,0.9658791893545207,0.0,0.01629050819686162,0.009531766176223755,0.015039494978327461,0.0
S0-SM_whitevann13,whitevan,15,105,0.6057667741388671,0.9536182336182336,0.696261023006349,0.8996248034424779,1.0,1.0,1.0,0.9668154762933651,0.968990933895111,0.9466075371536495,0.5258796966531567,0.9438889069716138,0.644573564501795,0.8996248034424779,0.9785870687902071,1.0,1.0,1.0,0.9668154762933652,0.9989413265458176,0.9989413265458176,0.9739526425089154,0.957833606381702,0.0,0.032125850252452515,0.004961708613804405,0.011226069228052471,0.0
S0-SM_whitevann14,whitevan,9,36,0.8190383365821963,0.9722222222222222,0.8734567901234569,0.9551105835652487,0.8888888888888888,0.8888888888888888,1.0,0.8645943578877987,0.8592362403869629,0.8401493931138542,0.7468847575571788,0.9654973884140551,0.829369191618492,0.9551105835652487,0.9903699573846878,1.0,1.0,1.0,0.8645943578877987,0.991997355037423,0.991997355037423,0.9692552751964993,0.9521156260838504,0.11111111111111116,0.12740299714962433,0.11001903480953645,0.1119662329699962,0.0
S0-SM_whitevann15,whitevan,13,78,0.5931518205273861,0.9322858428121586,0.6627450980392157,0.7804457014436003,1.0,1.0,1.0,0.9122794568108824,0.9681166135347806,0.9436863051751719,0.4020783724427191,0.8951103081883398,0.509108423135256,0.7804457014436003,0.9072824533439644,1.0,1.0,1.0,0.9122794568108824,0.9819889601284209,0.9819889601284209,0.9729364583125482,0.9528532678157154,0.0,0.06970950331753845,0.004819844777767535,0.009166962640543508,0.0
S0-SM_whitevann16,whitevan,10,45,0.35695507608922245,0.8379924242424241,0.46195180365158117,0.7055485692029124,0.9,0.8,0.888888888888889,0.6319135485787124,0.7688137173652649,0.7426736576483748,0.2836173497670957,0.8203663038194416,0.4035849809846773,0.7055485692029124,0.8488929494608521,1.0,0.9777777777777777,0.9777777777777777,0.6319135485787124,0.8628875034473088,0.8628875034473088,0.9444102512465583,0.9186598880452581,0.1777777777777777,0.2309739548685964,0.17559653388129337,0.17598623039688333,0.0
S0-SM_whitevann17,whitevan,6,15,0.33508431258929766,0.8409090909090908,0.42763401473078894,0.7215064309522748,1.0,1.0,1.0,0.900164141630133,0.9622350533803304,0.9361239714834557,0.20938441018762105,0.8418040293040293,0.326790914855842,0.7215064309522747,0.8358601730157662,1.0,1.0,1.0,0.900164141630133,0.9687272727737823,0.9687272727737823,0.9682222723960876,0.9459021637490123,0.0,0.06856313114364931,0.005987219015757161,0.00977819226555654,-1.1102230246251565e-16
S0-SM_whitevann18,whitevan,13,78,0.7222514327777485,0.9612276612276612,0.7854971362579396,0.9060809726451532,1.0,1.0,1.0,0.976923077324262,0.9643676464374249,0.9373872282444912,0.6205168029924817,0.9460310578212298,0.7207100862900441,0.9060809726451532,0.9698626218560767,1.0,1.0,1.0,0.976923077324262,0.9969551282719923,0.9969551282719923,0.9722435703644385,0.9542011606257791,0.0,0.020032050947730307,0.00787592392701364,0.01681393238128792,0.0
S0-SM_whitevann19,whitevan,11,55,0.4504632949041976,0.7707605466428995,0.5245617195953031,0.5717060390833414,1.0,1.0,1.0,0.858884301081546,0.9655313708565452,0.9413792470461534,0.2948365131999755,0.7074443019597954,0.392940624230824,0.5717060390833414,0.733843911209165,1.0,1.0,1.0,0.8588843010815461,0.9681680451074497,0.9681680451074497,0.9709487340667031,0.9494769320847566,0.0,0.10928374402590368,0.005417363210157955,0.008097685038603197,0.0
S0-SM_whitevann1_58,whitevan,11,55,0.4617241834610081,0.886622824590739,0.5737285076541772,0.7618572757826368,1.0,1.0,1.0,0.8699242438782345,0.9620227055116133,0.9314435754770529,0.37559725757621004,0.8639994240545734,0.5080300187182479,0.761857275782637,0.8671442113360885,1.0,1.0,1.0,0.8699242438782345,0.9662575758621097,0.9662575758621097,0.9689770579338074,0.9520786867429851,0.0,0.09633333198387517,0.00695435242219411,0.020635111265932204,1.1102230246251565e-16
S0-SM_whitevann2,whitevan,9,36,0.8069209039548022,0.9526143790849674,0.8548008197131005,0.8828630496142618,1.0,1.0,1.0,0.9337742516025244,0.9571840829319425,0.914140907068905,0.7256197258051645,0.941108505691839,0.7956885164378997,0.8828630496142618,0.9512461431364725,1.0,1.0,1.0,0.9337742516025244,0.9651399926192126,0.9651399926192126,0.9649815228250291,0.9318112610547248,0.0,0.03136574101668821,0.007797439893086677,0.01767035398581973,0.0
S0-SM_whitevann3,whitevan,7,21,0.6131519274376417,0.880952380952381,0.6943753111000498,0.7886062050414351,1.0,1.0,1.0,0.9857142857142858,0.9634087681770325,0.9333946460425163,0.5269755376898234,0.8841390091390091,0.6363568359128847,0.7886062050414351,0.8942957986397566,1.0,1.0,1.0,0.9857142857142857,1.0,1.0,0.9695567488670349,0.9494688409078803,0.0,0.014285714285714235,0.006147980690002441,0.01607419486536399,0.0
S0-SM_whitevann4,whitevan,10,45,0.7749745158002039,0.8966666666666667,0.8050420168067227,0.8825771766305289,1.0,1.0,1.0,0.9359444444673135,0.9664806306362153,0.936058880615844,0.6304966291406969,0.8287490287490288,0.6801048792379949,0.8825771766305289,0.9926748974995357,1.0,1.0,1.0,0.9359444444673136,1.0,1.0,0.970138598812951,0.9432769262912564,0.0,0.06405555553268649,0.003657968176735693,0.007218045675412399,0.0
S0-SM_whitevann5,whitevan,5,10,0.47690322580645167,0.7542857142857142,0.5231884057971015,0.641814035397005,1.0,1.0,1.0,0.8714285735573087,0.9647782921791077,0.9406922340889168,0.22199442626727683,0.655187165775401,0.2960916898087346,0.641814035397005,0.8329019250725065,1.0,1.0,1.0,0.8714285735573087,1.0,1.0,0.9741811156272888,0.9587973789909082,0.0,0.12857142644269126,0.009402823448181108,0.018105144901991443,0.0
S0-SM_whitevann6,whitevan,14,91,0.5737674940105914,0.8763855542216887,0.6635795765840683,0.7697091969563605,0.9285714285714286,0.9285714285714286,1.0,0.8478458067913309,0.8917505187647683,0.8708060610257016,0.44736906764016854,0.8375859580854026,0.5672836564402185,0.7697091969563605,0.8897764734377164,1.0,1.0,1.0,0.8478458067913309,0.9822431541081293,0.9822431541081293,0.9656709904199118,0.9464297965342513,0.0714285714285714,0.13439734731679842,0.07392047165514348,0.07562373550854973,0.0
S0-SM_whitevann7,whitevan,11,55,0.6447547949477624,0.8905417814508724,0.6931831056492153,0.7504372703881276,1.0,1.0,1.0,0.911093074540523,0.9605673768303611,0.9346648130219202,0.44637975852939515,0.8380952380952381,0.5224605187529515,0.7504372703881276,0.9278659061025527,1.0,1.0,1.0,0.911093074540523,0.9921428571573712,0.9921428571573712,0.9698064088821411,0.9519697493413566,0.0,0.08104978261684814,0.009239032051780005,0.017304936319436415,0.0
S0-SM_whitevann8,whitevan,6,15,0.31697785573781234,0.8700980392156863,0.4122211718531841,0.7537191900600568,1.0,1.0,1.0,0.8159895849766002,0.9615979492664337,0.9378775733327961,0.18931435950244,0.7990383534594062,0.301542904196509,0.7537191900600568,0.939801038744135,1.0,1.0,1.0,0.8159895849766002,0.9722222223877907,0.9722222223877907,0.9676210482915243,0.9478145843920311,0.0,0.15623263741119042,0.0060230990250905725,0.009937011059235057,0.0
S0-SM_whitevann9,whitevan,9,36,0.6230200091988709,0.8650793650793651,0.6867092257336159,0.7490141329648881,1.0,1.0,1.0,0.9513888890130653,0.963513559765286,0.9371881274494744,0.47652288947058324,0.842798137773628,0.5759907827977244,0.7490141329648881,0.874604942667621,1.0,1.0,1.0,0.9513888890130653,1.0,1.0,0.9670932441949844,0.9446034901463745,0.0,0.048611110986934714,0.003579684429698471,0.007415362696900019,0.0
